priority,needs_reextract,file,issues,url,source_type
critical,True,administration/daiict_ac_in_sites_default_files_other_files_daiict_ar_2019_20_pdf.md,STUB_EMPTY | SCANNED_PDF,https://www.daiict.ac.in/sites/default/files/other-files/DAIICT_AR_2019_20.pdf,PDF
critical,True,administration/daiict_ac_in_sites_default_files_other_files_general_service_condition_employee_.md,STUB_EMPTY | SCANNED_PDF,https://www.daiict.ac.in/sites/default/files/other-files/General-Service-Condition-Employee-Conduct-Rules-and-Disciplinary-Probvisions-Comp.pdf,PDF
critical,True,administration/daiict_ac_in_sites_default_files_other_files_plagiarism_prevention_framework_rev.md,SCANNED_PDF,https://www.daiict.ac.in/sites/default/files/other-files/Plagiarism-Prevention-Framework_rev1-Director-2-EDITEDMM-1.pdf,PDF
critical,True,administration/daiict_ac_in_sites_default_files_other_files_ugc_12b_proforma_for_seeking_inform.md,STUB_EMPTY | SCANNED_PDF,https://www.daiict.ac.in/sites/default/files/other-files/UGC_12B_PROFORMA-FOR-SEEKING-INFORMATION-FOR-12-B-STATUS_Form_With_Annexures-1.pdf,PDF
critical,True,administration/daiict_ac_in_sites_default_files_other_files_ugc_proforma_for_inspection_with_ap.md,SCANNED_PDF,https://www.daiict.ac.in/sites/default/files/other-files/UGC-Proforma-for-inspection-with-Appendices-and-Annexures_2025.pdf,PDF
critical,True,policies/daiict_ac_in_sites_default_files_other_files_policy_on_patent_filing_process_pdf.md,STUB_EMPTY | SCANNED_PDF,https://www.daiict.ac.in/sites/default/files/other-files/Policy-on-Patent-Filing-Process.pdf,PDF
high,False,academics/academic_policy_.md,FRONTMATTER_BROKEN | CHUNK_OVERFLOW,https://intranet.daiict.ac.in/academics/Winter 2023-24 First In Sem Exam Schedule Final Version.pdf,PDF
high,False,academics/academic_policy_committees_t_and_r_2024_25_updated.md,FRONTMATTER_BROKEN | CHUNK_OVERFLOW,,web
high,False,academics/academic_policy_requirements_m_sc_aa_wef_2022_23.md,FRONTMATTER_BROKEN | CHUNK_OVERFLOW,,web
high,False,academics/academic_policy_requirements_m_sc_it_wef_2023_24_as_of_august_2023.md,FRONTMATTER_BROKEN | CHUNK_OVERFLOW,,web
high,False,academics/academic_policy_requirements_ph_d_program_hss_and_design_wef_2019_20_as_of_october_2019.md,FRONTMATTER_BROKEN | CHUNK_OVERFLOW,,web
high,False,academics/academic_policy_requirements_ph_d_program_hss_and_design_wef_2024_25_as_of_july_2024.md,FRONTMATTER_BROKEN | CHUNK_OVERFLOW,,web
high,True,academics/careers/careers_creche_supervisor_application_v2.md,OCR_NOISE | CHUNK_OVERFLOW,https://forms.gle/s97uCtJberHhaNBH6,web
high,False,academics/course_policy_ct474_satellite_technology_and_its_applications_deepak_ghodgaonkar.md,FRONTMATTER_BROKEN | CHUNK_OVERFLOW,,web
high,False,academics/course_policy_ct476_microwave_engineering_winter24_pankaj_kumar.md,FRONTMATTER_BROKEN,,web
high,False,academics/course_policy_ct502_adaptive_signal_processing_winter24_rajib_das.md,FRONTMATTER_BROKEN | CHUNK_OVERFLOW,,web
high,True,academics/course_policy_el203_embeddedhardwaredesign_winter26_-_tapas_kumar_maiti.md,OCR_NOISE | CHUNK_OVERFLOW,https://intranet.daiict.ac.in/academics/course_policies/EL203_EmbeddedHardwareDesign_Winter26 - Tapas Kumar Maiti.pdf,PDF
high,False,academics/course_policy_el469_vlsi_technology_winter24.md,FRONTMATTER_BROKEN,,web
high,False,academics/course_policy_el497_introduction_to_autonomous_vehicles_winter24_sujay_kadam.md,FRONTMATTER_BROKEN | CHUNK_OVERFLOW,,web
high,False,academics/course_policy_hm_327_culture_politics_identity_winter_24_madhumita_mazumdar_madhumita_mazumdar.md,FRONTMATTER_BROKEN | CHUNK_OVERFLOW,,web
high,False,academics/course_policy_hm_344_semiotics_winter_24_bharani_kollipara.md,FRONTMATTER_BROKEN | CHUNK_OVERFLOW,,web
high,False,academics/course_policy_ie404_digital_image_processing_winter24_manish_khare.md,FRONTMATTER_BROKEN | CHUNK_OVERFLOW,,web
high,False,academics/course_policy_it214_database_management_systems_winter24_pmj.md,FRONTMATTER_BROKEN | CHUNK_OVERFLOW,,web
high,False,academics/course_policy_it422_models_of_computation_winter24_rahul_muthu.md,FRONTMATTER_BROKEN,,web
high,False,academics/course_policy_it441_computergraphics_win2024_aditya_tatu.md,FRONTMATTER_BROKEN | CHUNK_OVERFLOW,,web
high,False,academics/course_policy_it492_recommendation_systems_winter24_arpit_rana.md,FRONTMATTER_BROKEN | CHUNK_OVERFLOW,,web
high,False,academics/course_policy_it495_exploratorydataanalysis_winter24_gopinath_panda.md,FRONTMATTER_BROKEN | CHUNK_OVERFLOW,,web
high,False,academics/course_policy_it558_is_win24_anish_mathuria.md,FRONTMATTER_BROKEN,,web
high,False,academics/course_policy_it583_deep_learning_winter24_bakul_gohel.md,FRONTMATTER_BROKEN | CHUNK_OVERFLOW,,web
high,False,academics/course_policy_it608_machinelearning_winter24_shruti_bhilare.md,FRONTMATTER_BROKEN | CHUNK_OVERFLOW,,web
high,False,academics/course_policy_it609_big_data_processing_winter24_sandip_modha.md,FRONTMATTER_BROKEN,,web
high,False,academics/course_policy_sc403_einstein_s_physics_winter24_arnab_kumar_ray.md,FRONTMATTER_BROKEN | CHUNK_OVERFLOW,,web
high,False,academics/course_policy_sc472_econometric_data_analysis_using_r_winter24_gaurav_kumar_singh.md,FRONTMATTER_BROKEN | CHUNK_OVERFLOW,,web
high,False,academics/course_policy_sc_602_numerical_methods_for_data_science_winter_24_nabin_sahu.md,FRONTMATTER_BROKEN | CHUNK_OVERFLOW,,web
high,False,academics/course_policy_scxxx_application_of_statistics_to_complex_systems_winter24_pratim_roy.md,FRONTMATTER_BROKEN,,web
high,True,achievements/research_dau_student_research_excellence_award.md,OCR_NOISE,https://www.daiict.ac.in/dau-student-research-excellence-award,web
high,True,administration/daiict_ac_in_nep_2020.md,OCR_NOISE,https://www.daiict.ac.in/nep-2020,web
high,True,administration/daiict_ac_in_sites_default_files_other_files_no_objection_certificate_visvesvary.md,OCR_NOISE,https://www.daiict.ac.in/sites/default/files/other-files/NO_OBJECTION_CERTIFICATE_Visvesvary-%20PhD-Fellowship.pdf,PDF
high,True,admissions/dual_degree_admissions/bs_ms_data_science_artificial_intelligence_admissions.md,OCR_NOISE,https://www.daiict.ac.in/bs-ms-data-science-artificial-intelligence-admissions,web
high,False,announcements/people_alumini_please_share_inetresting_pictures_and_news.md,FRONTMATTER_BROKEN,,web
high,False,events/acm_india_summer_school_2026_on_competitive_programming.md,FRONTMATTER_BROKEN,,web
high,False,events/conversation_with_mr_ajit_balakrishnan_ceo_rediff_com.md,FRONTMATTER_BROKEN,,web
high,False,infrastructure/campus_directions.md,FRONTMATTER_BROKEN | CHUNK_OVERFLOW,,web
high,True,student_services/dean_students_tab.md,OCR_NOISE | CHUNK_OVERFLOW,https://www.daiict.ac.in/dean-students#tab-2,web
medium,False,academics/14.Academic-Requirements_PhD_wef_2017-18_v2.md,CHUNK_OVERFLOW,https://daiict.ac.in/,web
medium,False,academics/Examination_Rules_for_Students_v2.md,HEADING_MISSING | CHUNK_OVERFLOW,https://daiict.ac.in/,web
medium,False,academics/Guidelines_of_Exams_Malpractices_v2.md,HEADING_MISSING | CHUNK_OVERFLOW,https://daiict.ac.in/,web
medium,False,academics/Parent-letter-2020_v2.md,HEADING_MISSING | CHUNK_OVERFLOW,https://daiict.ac.in/,web
medium,False,academics/Rules_and_Guidelines_for_Conducting_written_examination_for_Person_with_Benchmark_Disabilities_v2.md,HEADING_MISSING | CHUNK_OVERFLOW,https://daiict.ac.in/,web
medium,False,academics/about_us_v2.md,CHUNK_OVERFLOW,https://daiict.ac.in/about-us,web
medium,False,academics/academic_policy_academic_requirements_m_tech_ec_program_wef_2022-23.md,CHUNK_OVERFLOW,https://intranet.daiict.ac.in/academics/Academic Requirements_M Tech_(EC)_Program_wef 2022-23.pdf,PDF
medium,False,academics/academic_policy_academic_requirements_m_tech_ict_program_wef_2022-23.md,CHUNK_OVERFLOW,https://intranet.daiict.ac.in/academics/Academic Requirements_M Tech_(ICT)_Program_wef 2022-23.pdf,PDF
medium,False,academics/academic_policy_academic_requirements_mdes_cd_wef_2025-26_as_of_august_2025.md,CHUNK_OVERFLOW,https://intranet.daiict.ac.in/academics/Academic Requirements_MDes(CD)_wef 2025-26  as of August 2025.pdf,PDF
medium,False,academics/academic_policy_academic_requirements_mdes_iuxd_wef_2025-26.md,CHUNK_OVERFLOW,https://intranet.daiict.ac.in/academics/Academic Requirements_MDes(IUxD)_wef 2025-26  .pdf,PDF
medium,False,academics/academic_policy_academic_requirements_msc_ds_wef_2024-25_as_of_october_2024.md,CHUNK_OVERFLOW,https://intranet.daiict.ac.in/academics/Academic requirements_MSc(DS)_wef_2024-25 as of October 2024.pdf,PDF
medium,False,academics/academic_policy_academic_requirements_mtech_cs_ml_program_wef_2021-22.md,CHUNK_OVERFLOW,https://intranet.daiict.ac.in/academics/Academic Requirements_MTech(CS&ML)_Program_wef 2021-22.pdf,PDF
medium,False,academics/academic_policy_academic_requirements_ph_d_program_engg_science_wef_2019-20_as_of_october_2019.md,CHUNK_OVERFLOW,https://intranet.daiict.ac.in/academics/Academic Requirements_Ph D Program_Engg&Science_wef 2019-20 as of October 2019.pdf,PDF
medium,False,academics/academic_policy_academic_requirements_ph_d_program_enggscience_wef_2024-25_as_of_july_2024.md,CHUNK_OVERFLOW,https://intranet.daiict.ac.in/academics/Academic Requirements_Ph D Program_EnggScience_wef 2024-25 as of July 2024.pdf,PDF
medium,False,academics/academic_policy_appendix_-_specialization-wise_m_tech_ict_course_struture_from_2024-25.md,CHUNK_OVERFLOW,https://intranet.daiict.ac.in/academics/Appendix - Specialization-wise M Tech (ICT) Course struture from 2024-25.pdf,PDF
medium,False,academics/academic_policy_appendix_i.md,CHUNK_OVERFLOW,https://intranet.daiict.ac.in/academics/Appendix - Specialization-wise M Tech (ICT) Course struture from 2024-25.pdf,PDF
medium,False,academics/academic_policy_autumn_2024-25_first_in-sem_exam_shedule_other_than_ug_2024_batches_-_final_version.md,CHUNK_OVERFLOW,https://intranet.daiict.ac.in/academics/Autumn 2024-25 First In-sem Exam  Shedule other than UG 2024 Batches - Final Version .pdf,PDF
medium,False,academics/academic_policy_b_tech_honours_in_ict_with_a.md,CHUNK_OVERFLOW,https://intranet.daiict.ac.in/academics/Minor_RAS_Policy_Document.pdf,PDF
medium,False,academics/academic_policy_certificate_of_academic_accomplishment.md,CHUNK_OVERFLOW,https://intranet.daiict.ac.in/academics/Certificate of Academic Accomplishment.pdf,PDF
medium,False,academics/academic_policy_committees_t_r_2024-25_updated.md,CHUNK_OVERFLOW,https://intranet.daiict.ac.in/academics/Committees_T&R_2024-25 updated.pdf,PDF
medium,False,academics/academic_policy_da-iict_student_code_of_conduct_and_dac_guidelines.md,CHUNK_OVERFLOW,https://intranet.daiict.ac.in/academics/DA-IICT_Student Code of Conduct and DAC Guidelines.pdf,PDF
medium,False,academics/academic_policy_da-iict_vehicle_rules_for_students.md,CHUNK_OVERFLOW,https://intranet.daiict.ac.in/academics/DA-IICT_Vehicle Rules for Students.pdf,PDF
medium,False,academics/academic_policy_december.md,CHUNK_OVERFLOW,https://intranet.daiict.ac.in/academics/Registration and Fees Payment Notice Winter 2025-26.pdf,PDF
medium,False,academics/academic_policy_disciplinary_guidelines_for_students.md,CHUNK_OVERFLOW,https://intranet.daiict.ac.in/academics/Disciplinary guidelines for students.pdf,PDF
medium,False,academics/academic_policy_end_sem_exam_schedule_autumn_2024-25_final_version_updated.md,CHUNK_OVERFLOW,https://intranet.daiict.ac.in/academics/End Sem Exam Schedule Autumn 2024-25  Final Version_updated.pdf,PDF
medium,False,academics/academic_policy_end_sem_exam_schedule_winter_2023-24_final_version.md,CHUNK_OVERFLOW,https://intranet.daiict.ac.in/academics/End Sem Exam Schedule Winter 2023-24  Final Version.pdf,PDF
medium,False,academics/academic_policy_examination_rules_for_students.md,CHUNK_OVERFLOW,https://intranet.daiict.ac.in/academics/Examination Rules for Students.pdf,PDF
medium,False,academics/academic_policy_february.md,CHUNK_OVERFLOW,https://intranet.daiict.ac.in/academics/Policy for Late Registration or Course Adjustment and Fixation of Fine.pdf,PDF
medium,False,academics/academic_policy_five-year_dual_degree_program.md,CHUNK_OVERFLOW,https://intranet.daiict.ac.in/academics/Five-Year Dual Degree Program.pdf,PDF
medium,False,academics/academic_policy_guidelines_of_exams_malpractices.md,CHUNK_OVERFLOW,https://intranet.daiict.ac.in/academics/Guidelines of Exams Malpractices.pdf,PDF
medium,False,academics/academic_policy_international_students_rules_and_guidelines.md,CHUNK_OVERFLOW,https://intranet.daiict.ac.in/academics/International Students_Rules and Guidelines.pdf,PDF
medium,False,academics/academic_policy_internship_research_project_guidelines.md,CHUNK_OVERFLOW,https://intranet.daiict.ac.in/academics/M.Sc-DS-Project-Guidelines.pdf,PDF
medium,False,academics/academic_policy_m_sc-ds-project-guidelines.md,CHUNK_OVERFLOW,https://intranet.daiict.ac.in/academics/M.Sc-DS-Project-Guidelines.pdf,PDF
medium,False,academics/academic_policy_may.md,CHUNK_OVERFLOW,https://intranet.daiict.ac.in/academics/Registration Notice Summer 2025-26.pdf,PDF
medium,False,academics/academic_policy_medical_facilities_emergency_procedure_for_students.md,CHUNK_OVERFLOW,https://intranet.daiict.ac.in/academics/Medical Facilities & Emergency Procedure for Students.pdf,PDF
medium,False,academics/academic_policy_medical_facilities_for_students_of_da_ii.md,CHUNK_OVERFLOW,https://intranet.daiict.ac.in/academics/Medical Facilities & Emergency Procedure for Students.pdf,PDF
medium,False,academics/academic_policy_policy_for_late_registration_or_course_adjustment_and_fixation_of_fine.md,CHUNK_OVERFLOW,https://intranet.daiict.ac.in/academics/Policy for Late Registration or Course Adjustment and Fixation of Fine.pdf,PDF
medium,False,academics/academic_policy_registration_and_fees_payment_notice_winter_2025-26.md,CHUNK_OVERFLOW,https://intranet.daiict.ac.in/academics/Registration and Fees Payment Notice Winter 2025-26.pdf,PDF
medium,False,academics/academic_policy_registration_notice_summer_2025-26.md,CHUNK_OVERFLOW,https://intranet.daiict.ac.in/academics/Registration Notice Summer 2025-26.pdf,PDF
medium,False,academics/academic_policy_rules_guidelines_for_conducting_written_examination_for_pers.md,CHUNK_OVERFLOW,https://intranet.daiict.ac.in/academics/Rules & Guidelines for Conducting written examination for Person with Benchmark Disabilities.pdf,PDF
medium,False,academics/academic_policy_rules_guidelines_for_conducting_written_examination_for_person_with_benchmark_disabilities.md,CHUNK_OVERFLOW,https://intranet.daiict.ac.in/academics/Rules & Guidelines for Conducting written examination for Person with Benchmark Disabilities.pdf,PDF
medium,False,academics/academic_policy_schedule_for_winter_2024-25_end_semester_exams_final_version.md,CHUNK_OVERFLOW,https://intranet.daiict.ac.in/academics/Schedule for Winter 2024-25  End Semester Exams_Final Version.pdf,PDF
medium,False,academics/academic_policy_schedule_for_winter_2024-25_first_semester_exams_final_version.md,CHUNK_OVERFLOW,https://intranet.daiict.ac.in/academics/Schedule for Winter 2024-25 First Semester Exams_Final Version.pdf,PDF
medium,False,academics/academic_policy_schedule_for_winter_2024-25_second_in-semester_exams_final_version.md,CHUNK_OVERFLOW,https://intranet.daiict.ac.in/academics/Schedule for Winter 2024-25 Second In-Semester Exams_Final Version.pdf,PDF
medium,False,academics/academic_policy_second_in_sem_exam_schedule_winter_2023-24_final_version.md,CHUNK_OVERFLOW,https://intranet.daiict.ac.in/academics/Second In Sem Exam Schedule Winter 2023-24 Final Version.pdf,PDF
medium,False,academics/academic_policy_students_document_service.md,CHUNK_OVERFLOW,https://intranet.daiict.ac.in/academics/Students Document Service.pdf,PDF
medium,False,academics/academic_policy_ug2024_autumn_2024-25_mid_semester_exam_schedule_final_version.md,CHUNK_OVERFLOW,https://intranet.daiict.ac.in/academics/UG2024 Autumn 2024-25 Mid Semester Exam Schedule Final Version.pdf,PDF
medium,False,academics/academic_policy_winter_2023-24_first_in_sem_exam_schedule_final_version.md,CHUNK_OVERFLOW,https://intranet.daiict.ac.in/academics/Winter 2023-24 First In Sem Exam Schedule Final Version.pdf,PDF
medium,False,academics/academic_policy_year_dual_degree_btech_and_mtech.md,CHUNK_OVERFLOW,https://intranet.daiict.ac.in/academics/Five-Year Dual Degree Program.pdf,PDF
medium,False,academics/accreditation/nirf_v2.md,CHUNK_OVERFLOW,https://www.daiict.ac.in/index.ph%70/nirf-national-institutional-ranking-framework,web
medium,False,academics/board_of_studies.md,CHUNK_OVERFLOW,https://www.daiict.ac.in/board-studies,web
medium,False,academics/careers/careers_current_position_v2.md,HEADING_MISSING,https://www.daiict.ac.in/current-position,web
medium,False,academics/careers/careers_non_teaching_staff_positions_v2.md,HEADING_MISSING,https://www.daiict.ac.in/non-teaching-staff-positions,web
medium,False,academics/careers/careers_old_positions_v2.md,CHUNK_OVERFLOW,https://www.daiict.ac.in/old-positions,web
medium,False,academics/course_policy_cs201_introduction_to_computational_physics_winter26_-_pratim_roy.md,CHUNK_OVERFLOW,https://intranet.daiict.ac.in/academics/course_policies/CS201_Introduction to Computational Physics_Winter26 - Pratim Roy.pdf,PDF
medium,False,academics/course_policy_cs301-high-performance-computing-winter26_-_bhaskar_chaudhury.md,CHUNK_OVERFLOW,https://intranet.daiict.ac.in/academics/course_policies/CS301-High-Performance-Computing-winter26 - Bhaskar Chaudhury.pdf,PDF
medium,False,academics/course_policy_cs302_modelling_simulation_winter25_-_arnab_kumar_ray.md,CHUNK_OVERFLOW,https://intranet.daiict.ac.in/academics/course_policies/CS302_Modelling_Simulation_Winter25 - Arnab Kumar Ray.pdf,PDF
medium,False,academics/course_policy_cs374_computational_and_numerical_methods_autumn_2025_page_100.md,CHUNK_OVERFLOW,https://intranet.daiict.ac.in/academics/Course_Booklet_for_Autumn_2025-26.pdf,PDF
medium,False,academics/course_policy_cs408_computationalfinance_winter26_-_arnab_kumar_ray.md,CHUNK_OVERFLOW,https://intranet.daiict.ac.in/academics/course_policies/CS408_ComputationalFinance_Winter26 - Arnab Kumar Ray.pdf,PDF
medium,False,academics/course_policy_ct204_signals_and_systems_autumn_2025_page_58.md,CHUNK_OVERFLOW,https://intranet.daiict.ac.in/academics/Course_Booklet_for_Autumn_2025-26.pdf,PDF
medium,False,academics/course_policy_ct216_introduction_to_communication_systems_winter2026_-_yash_vasavada.md,CHUNK_OVERFLOW,https://intranet.daiict.ac.in/academics/course_policies/CT216_Introduction_to_Communication_Systems_Winter2026 - Yash Vasavada.pdf,PDF
medium,False,academics/course_policy_ct303_digital_communication_autumn_2025_page_98.md,CHUNK_OVERFLOW,https://intranet.daiict.ac.in/academics/Course_Booklet_for_Autumn_2025-26.pdf,PDF
medium,False,academics/course_policy_ct423_wavelet_signal_processing_winter2026_-_hemant_patil.md,CHUNK_OVERFLOW,https://intranet.daiict.ac.in/academics/course_policies/CT423_Wavelet Signal Processing_Winter2026 - hemant patil.pdf,PDF
medium,False,academics/course_policy_ct437_speech_communication_autumn_2025_page_234.md,CHUNK_OVERFLOW,https://intranet.daiict.ac.in/academics/Course_Booklet_for_Autumn_2025-26.pdf,PDF
medium,False,academics/course_policy_ct505_detection_estimation_theory_autumn_2025_page_251.md,CHUNK_OVERFLOW,https://intranet.daiict.ac.in/academics/Course_Booklet_for_Autumn_2025-26.pdf,PDF
medium,False,academics/course_policy_ct548_advancedwirelesscommunications_winter2026_-_manish_kumar.md,CHUNK_OVERFLOW,https://intranet.daiict.ac.in/academics/course_policies/CT548_ AdvancedWirelessCommunications_Winter2026 - Manish Kumar.pdf,PDF
medium,False,academics/course_policy_ds4xx_understanding_economy_society_and_policy_a_data-driven_approach_autumn_2025_page_327.md,CHUNK_OVERFLOW,https://intranet.daiict.ac.in/academics/Course_Booklet_for_Autumn_2025-26.pdf,PDF
medium,False,academics/course_policy_ds603_data_structures_and_algorithms_in_python_autumn_2025_page_139.md,CHUNK_OVERFLOW,https://intranet.daiict.ac.in/academics/Course_Booklet_for_Autumn_2025-26.pdf,PDF
medium,False,academics/course_policy_ds604_introduction_to_data_management_autumn_2025_page_141.md,CHUNK_OVERFLOW,https://intranet.daiict.ac.in/academics/Course_Booklet_for_Autumn_2025-26.pdf,PDF
medium,False,academics/course_policy_ds605_fundamentals_of_machine_learning_autumn_2025_page_143.md,CHUNK_OVERFLOW,https://intranet.daiict.ac.in/academics/Course_Booklet_for_Autumn_2025-26.pdf,PDF
medium,False,academics/course_policy_ds611_-_numerical_optimization.md,CHUNK_OVERFLOW,https://intranet.daiict.ac.in/academics/course_policies/DS611 - Numerical Optimization.pdf,PDF
medium,False,academics/course_policy_ds612-interactive_data_visualization-winter26_-_bhaskar_chaudhury.md,CHUNK_OVERFLOW,https://intranet.daiict.ac.in/academics/course_policies/DS612-Interactive_Data_Visualization-winter26 - Bhaskar Chaudhury.pdf,PDF
medium,False,academics/course_policy_ds614_bigdataengineering_winter26_-_ankush_chander.md,CHUNK_OVERFLOW,https://intranet.daiict.ac.in/academics/course_policies/DS614_BigDataEngineering_Winter26 - Ankush Chander.pdf,PDF
medium,False,academics/course_policy_ds615_neuralnetworksanddeeplearning_winter25_1_1_-_sourish_dasgupta.md,CHUNK_OVERFLOW,https://intranet.daiict.ac.in/academics/course_policies/DS615_NeuralNetworksandDeepLearning_Winter25 (1) (1) - Sourish Dasgupta.pdf,PDF
medium,False,academics/course_policy_ed111_engineering_mathematics_i_autumn_2025_page_43.md,CHUNK_OVERFLOW,https://intranet.daiict.ac.in/academics/Course_Booklet_for_Autumn_2025-26.pdf,PDF
medium,False,academics/course_policy_ed112_daiict_autumn_2025_page_48.md,CHUNK_OVERFLOW,https://intranet.daiict.ac.in/academics/Course_Booklet_for_Autumn_2025-26.pdf,PDF
medium,False,academics/course_policy_ed121_engineeringmathematicsii_winter2026_-_prosenjit_kundu.md,CHUNK_OVERFLOW,https://intranet.daiict.ac.in/academics/course_policies/ED121_EngineeringMathematicsII_Winter2026 - Prosenjit Kundu.pdf,PDF
medium,False,academics/course_policy_ed211_engineering_mathematics_iii_autumn_2025_page_83.md,CHUNK_OVERFLOW,https://intranet.daiict.ac.in/academics/Course_Booklet_for_Autumn_2025-26.pdf,PDF
medium,False,academics/course_policy_ed212_solid_state_devices_autumn_2025_page_85.md,CHUNK_OVERFLOW,https://intranet.daiict.ac.in/academics/Course_Booklet_for_Autumn_2025-26.pdf,PDF
medium,False,academics/course_policy_ed213_signal_processing_and_control_systems_autumn_2025_page_86.md,CHUNK_OVERFLOW,https://intranet.daiict.ac.in/academics/Course_Booklet_for_Autumn_2025-26.pdf,PDF
medium,False,academics/course_policy_ed223_entrepreneurshipandproductdesign_winter26_updated_-_amitava_ghosh.md,CHUNK_OVERFLOW,https://intranet.daiict.ac.in/academics/course_policies/ED223_EntrepreneurshipAndProductDesign_Winter26_Updated - Amitava Ghosh.pdf,PDF
medium,False,academics/course_policy_ed224_analogelectronics_winter26_-_rutu_parekh.md,CHUNK_OVERFLOW,https://intranet.daiict.ac.in/academics/course_policies/ED224_AnalogElectronics_Winter26 - Rutu Parekh.pdf,PDF
medium,False,academics/course_policy_ed311_digital_signal_processing_hardware_autumn_2025_page_112.md,CHUNK_OVERFLOW,https://intranet.daiict.ac.in/academics/Course_Booklet_for_Autumn_2025-26.pdf,PDF
medium,False,academics/course_policy_ed312_vlsi_design_autumn_2025_page_113.md,CHUNK_OVERFLOW,https://intranet.daiict.ac.in/academics/Course_Booklet_for_Autumn_2025-26.pdf,PDF
medium,False,academics/course_policy_ed322_el464_vlsi_testing_and_validation_winter_2025_-_sreeja_rajendran.md,CHUNK_OVERFLOW,https://intranet.daiict.ac.in/academics/course_policies/ED322_EL464 _VLSI Testing and Validation_Winter 2025 - Sreeja Rajendran.pdf,PDF
medium,False,academics/course_policy_el111_basic_electronic_circuits_autumn_2025_page_9.md,CHUNK_OVERFLOW,https://intranet.daiict.ac.in/academics/Course_Booklet_for_Autumn_2025-26.pdf,PDF
medium,False,academics/course_policy_el401_physics_of_semiconductor_devices_autumn_2025_page_238.md,CHUNK_OVERFLOW,https://intranet.daiict.ac.in/academics/Course_Booklet_for_Autumn_2025-26.pdf,PDF
medium,False,academics/course_policy_el453_nanoelectronics_autumn_2025_page_258.md,CHUNK_OVERFLOW,https://intranet.daiict.ac.in/academics/Course_Booklet_for_Autumn_2025-26.pdf,PDF
medium,False,academics/course_policy_el467_digital_programming_autumn_2025_page_262.md,CHUNK_OVERFLOW,https://intranet.daiict.ac.in/academics/Course_Booklet_for_Autumn_2025-26.pdf,PDF
medium,False,academics/course_policy_el469-vlsi_technology_winter2025_26_-_harpreet_singh_jattana.md,CHUNK_OVERFLOW,https://intranet.daiict.ac.in/academics/course_policies/EL469-VLSI_TECHNOLOGY_WINTER2025 26 - Harpreet Singh Jattana.pdf,PDF
medium,False,academics/course_policy_el470_printed_and_flexible_electronics_autumn_2025_page_265.md,CHUNK_OVERFLOW,https://intranet.daiict.ac.in/academics/Course_Booklet_for_Autumn_2025-26.pdf,PDF
medium,False,academics/course_policy_el495_sensors_and_instrumentation_winter26_ab_-_ajay_beniwal.md,CHUNK_OVERFLOW,https://intranet.daiict.ac.in/academics/course_policies/EL495_Sensors_and_Instrumentation_Winter26_AB - Ajay Beniwal.pdf,PDF
medium,False,academics/course_policy_el526_vlsi_system_design_autumn_2025_page_325.md,CHUNK_OVERFLOW,https://intranet.daiict.ac.in/academics/Course_Booklet_for_Autumn_2025-26.pdf,PDF
medium,False,academics/course_policy_el527_asic_design_winter26_-_rutu_parekh.md,CHUNK_OVERFLOW,https://intranet.daiict.ac.in/academics/course_policies/EL527_ ASIC Design_Winter26 - Rutu Parekh.pdf,PDF
medium,False,academics/course_policy_hm106_approaches_to_indian_society_wintersemester2026_docx_-_ratna_bharati_bhamidipati.md,CHUNK_OVERFLOW,https://intranet.daiict.ac.in/academics/course_policies/HM106_Approaches to Indian Society_WinterSemester2026 .docx - Ratna Bharati Bhamidipati.pdf,PDF
medium,False,academics/course_policy_hm116_principlesofeconomics_winter26_-_parul_gupta.md,CHUNK_OVERFLOW,https://intranet.daiict.ac.in/academics/course_policies/HM116_PrinciplesofEconomics_Winter26 - Parul Gupta.pdf,PDF
medium,False,academics/course_policy_hm216_science_technology_society_autumn_2025_page_55.md,CHUNK_OVERFLOW,https://intranet.daiict.ac.in/academics/Course_Booklet_for_Autumn_2025-26.pdf,PDF
medium,False,academics/course_policy_hm333_human_behavior_management_autumn_2025_page_288.md,CHUNK_OVERFLOW,https://intranet.daiict.ac.in/academics/Course_Booklet_for_Autumn_2025-26.pdf,PDF
medium,False,academics/course_policy_hm377_theenglishnovelformandhistory_winter2026_-_amishal_modi.md,CHUNK_OVERFLOW,https://intranet.daiict.ac.in/academics/course_policies/HM377_TheEnglishNovelFormandHistory_Winter2026 - Amishal Modi.pdf,PDF
medium,False,academics/course_policy_hm402_publicsinsouth_asia_winter26_-_shefali_jha.md,CHUNK_OVERFLOW,https://intranet.daiict.ac.in/academics/course_policies/HM402_PublicsinSouth Asia_Winter26 - Shefali Jha.pdf,PDF
medium,False,academics/course_policy_hm403_corporate_finance_autumn_2025_page_290.md,CHUNK_OVERFLOW,https://intranet.daiict.ac.in/academics/Course_Booklet_for_Autumn_2025-26.pdf,PDF
medium,False,academics/course_policy_hm404_indian_society_and_governance_autumn_2025_page_293.md,CHUNK_OVERFLOW,https://intranet.daiict.ac.in/academics/Course_Booklet_for_Autumn_2025-26.pdf,PDF
medium,False,academics/course_policy_hm405_the_idea_of_india_swami_vivekananda_rabindranath_tagore_m_k_gandhi_autumn_2025_page_297.md,CHUNK_OVERFLOW,https://intranet.daiict.ac.in/academics/Course_Booklet_for_Autumn_2025-26.pdf,PDF
medium,False,academics/course_policy_hm409-management-skills-professional-excellence.md,CHUNK_OVERFLOW,https://intranet.daiict.ac.in/academics/course_policies/HM409-Management-skills-professional-excellence.pdf,PDF
medium,False,academics/course_policy_hm412_world_literature_in_short_fiction_winter26_sg_-_satvik_gupta.md,CHUNK_OVERFLOW,https://intranet.daiict.ac.in/academics/course_policies/HM412_World_Literature_In_Short_Fiction_Winter26_SG - Satvik Gupta.pdf,PDF
medium,False,academics/course_policy_hm413_knowledge_and_identity_in_three_modern_indian_novels_winter_2025_26_-_gangeya_mukherji.md,CHUNK_OVERFLOW,https://intranet.daiict.ac.in/academics/course_policies/HM413_Knowledge and Identity in Three Modern Indian Novels_Winter_2025_26 - Gangeya Mukherji.pdf,PDF
medium,False,academics/course_policy_hm414_a_beginner_s_introduction_to_the_psyche_winter26_-_jenson_joseph.md,CHUNK_OVERFLOW,https://intranet.daiict.ac.in/academics/course_policies/HM414_A Beginner_s Introduction to the Psyche _Winter26 - Jenson Joseph.pdf,PDF
medium,False,academics/course_policy_hm432_organisation_behaviour_autumn_2025_page_309.md,CHUNK_OVERFLOW,https://intranet.daiict.ac.in/academics/Course_Booklet_for_Autumn_2025-26.pdf,PDF
medium,False,academics/course_policy_hm469_approaches_to_globalization_winter25_-_madhumita_mazumdar_-_madhumita_mazumdar.md,CHUNK_OVERFLOW,https://intranet.daiict.ac.in/academics/course_policies/HM469_Approaches to Globalization_Winter25 - Madhumita Mazumdar - Madhumita Mazumdar.pdf,PDF
medium,False,academics/course_policy_hm481_reading_plato_winter_26_-_bharani_kollipara.md,CHUNK_OVERFLOW,https://intranet.daiict.ac.in/academics/course_policies/HM481_Reading Plato_Winter 26 - Bharani Kollipara.pdf,PDF
medium,False,academics/course_policy_hm484_hm_484_modern_european_philosophy_from_descartes_to_nietzsche_autumn_2025_page_286.md,CHUNK_OVERFLOW,https://intranet.daiict.ac.in/academics/Course_Booklet_for_Autumn_2025-26.pdf,PDF
medium,False,academics/course_policy_hm489_international_economics_winter26_-_cyril_jos_nazhicheril.md,CHUNK_OVERFLOW,https://intranet.daiict.ac.in/academics/course_policies/HM489_ International Economics_Winter26 - Cyril Jos Nazhicheril.pdf,PDF
medium,False,academics/course_policy_hm494_indian_diaspora_and_transnationalism_wintersemester2026_-_ratna_bharati_bhamidipati.md,CHUNK_OVERFLOW,https://intranet.daiict.ac.in/academics/course_policies/HM494_Indian Diaspora and Transnationalism_WinterSemester2026 - Ratna Bharati Bhamidipati.pdf,PDF
medium,False,academics/course_policy_hm495_-_technology_and_the_making_modern_of_india.md,CHUNK_OVERFLOW,https://intranet.daiict.ac.in/academics/course_policies/HM495 - Technology and the Making Modern of India.pdf,PDF
medium,False,academics/course_policy_hmxxx_introduction_to_speculative_fiction_and_films_autumn_2025_page_301.md,CHUNK_OVERFLOW,https://intranet.daiict.ac.in/academics/Course_Booklet_for_Autumn_2025-26.pdf,PDF
medium,False,academics/course_policy_ic121_digital_logic_computer_organization_winter25_-_sreeja_rajendran.md,CHUNK_OVERFLOW,https://intranet.daiict.ac.in/academics/course_policies/IC121_Digital Logic & Computer Organization_Winter25 - Sreeja Rajendran.pdf,PDF
medium,False,academics/course_policy_ie402_-_optimization.md,CHUNK_OVERFLOW,https://intranet.daiict.ac.in/academics/course_policies/IE402 - Optimization.pdf,PDF
medium,False,academics/course_policy_ie402_optimization_autumn_2025_page_212.md,CHUNK_OVERFLOW,https://intranet.daiict.ac.in/academics/Course_Booklet_for_Autumn_2025-26.pdf,PDF
medium,False,academics/course_policy_ie403_human_computer_interaction_autumn_2025_page_226.md,CHUNK_OVERFLOW,https://intranet.daiict.ac.in/academics/Course_Booklet_for_Autumn_2025-26.pdf,PDF
medium,False,academics/course_policy_ie406_machine_learning_autumn_2025_page_215.md,CHUNK_OVERFLOW,https://intranet.daiict.ac.in/academics/Course_Booklet_for_Autumn_2025-26.pdf,PDF
medium,False,academics/course_policy_ie407_internetofthings_winter26_-_manish_chaturvedi.md,CHUNK_OVERFLOW,https://intranet.daiict.ac.in/academics/course_policies/IE407_InternetOfThings_Winter26 - manish chaturvedi.pdf,PDF
medium,False,academics/course_policy_ie410_introductiontorobotics_winter26_-_sujay_kadam.md,CHUNK_OVERFLOW,https://intranet.daiict.ac.in/academics/course_policies/IE410_IntroductionToRobotics_Winter26 - Sujay Kadam.pdf,PDF
medium,False,academics/course_policy_ie415_control_of_autonomous_systems_autumn_2025_page_218.md,CHUNK_OVERFLOW,https://intranet.daiict.ac.in/academics/Course_Booklet_for_Autumn_2025-26.pdf,PDF
medium,False,academics/course_policy_ie416_robot_programming_winter26_-_tapas_kumar_maiti.md,CHUNK_OVERFLOW,https://intranet.daiict.ac.in/academics/course_policies/IE416_Robot_Programming_Winter26 - Tapas Kumar Maiti.pdf,PDF
medium,False,academics/course_policy_ie420_real_time_embedded_software_autumn_2025_page_253.md,CHUNK_OVERFLOW,https://intranet.daiict.ac.in/academics/Course_Booklet_for_Autumn_2025-26.pdf,PDF
medium,False,academics/course_policy_ie422_soft_computing_winter26_-_pushpendra_kumar.md,CHUNK_OVERFLOW,https://intranet.daiict.ac.in/academics/course_policies/IE422_Soft Computing_Winter26 - Pushpendra Kumar.pdf,PDF
medium,False,academics/course_policy_ie423_ai_literacy_efficiency_and_ethics_winter26_-_sanjay_srivastava.md,CHUNK_OVERFLOW,"https://intranet.daiict.ac.in/academics/course_policies/IE423_AI Literacy, Efficiency, and Ethics_Winter26 - Sanjay Srivastava.pdf",PDF
medium,False,academics/course_policy_ie494_big_data_processing_autumn_2025_page_229.md,CHUNK_OVERFLOW,https://intranet.daiict.ac.in/academics/Course_Booklet_for_Autumn_2025-26.pdf,PDF
medium,False,academics/course_policy_it101_introduction_to_ict_autumn_2025_page_7.md,CHUNK_OVERFLOW,https://intranet.daiict.ac.in/academics/Course_Booklet_for_Autumn_2025-26.pdf,PDF
medium,False,academics/course_policy_it112_introduction_to_programming_programming_lab_autumn_2025_page_14.md,CHUNK_OVERFLOW,https://intranet.daiict.ac.in/academics/Course_Booklet_for_Autumn_2025-26.pdf,PDF
medium,False,academics/course_policy_it205_data_structures_winter26_-_arpit_rana.md,CHUNK_OVERFLOW,https://intranet.daiict.ac.in/academics/course_policies/IT205_Data_Structures_Winter26 - Arpit Rana.pdf,PDF
medium,False,academics/course_policy_it206_data_structure_lab_using_oop_winter26_-_sandip_modha.md,CHUNK_OVERFLOW,https://intranet.daiict.ac.in/academics/course_policies/IT206_Data_Structure_Lab_using _OOP_Winter26 - Sandip Modha.pdf,PDF
medium,False,academics/course_policy_it216_title_design_and_analysis_of_algorithms_autumn_2025_page_62.md,CHUNK_OVERFLOW,https://intranet.daiict.ac.in/academics/Course_Booklet_for_Autumn_2025-26.pdf,PDF
medium,False,academics/course_policy_it227_computer_systems_programming_autumn_2025_page_65.md,CHUNK_OVERFLOW,https://intranet.daiict.ac.in/academics/Course_Booklet_for_Autumn_2025-26.pdf,PDF
medium,False,academics/course_policy_it305_computer_networks_autumn_2025_page_94.md,CHUNK_OVERFLOW,https://intranet.daiict.ac.in/academics/Course_Booklet_for_Autumn_2025-26.pdf,PDF
medium,False,academics/course_policy_it314_software_engineering_autumn_2025_page_92.md,CHUNK_OVERFLOW,https://intranet.daiict.ac.in/academics/Course_Booklet_for_Autumn_2025-26.pdf,PDF
medium,False,academics/course_policy_it401_quantum_machine_learning_ii_-_manjunath_joshi.md,CHUNK_OVERFLOW,https://intranet.daiict.ac.in/academics/course_policies/IT401_Quantum_Machine_Learning_II - Manjunath Joshi.pdf,PDF
medium,False,academics/course_policy_it402_applied_forecasting_methods_winter_2026_-_pritam_anand.md,CHUNK_OVERFLOW,https://intranet.daiict.ac.in/academics/course_policies/IT402 _Applied_Forecasting_Methods_Winter_2026 - Pritam Anand.pdf,PDF
medium,False,academics/course_policy_it414_softwareprojectmanagement.md,CHUNK_OVERFLOW,https://intranet.daiict.ac.in/academics/course_policies/IT414_SoftwareProjectManagement.pdf,PDF
medium,False,academics/course_policy_it443_resamplingtechniquesandbayesiancomputation_winter26_-_subhasish_basak.md,CHUNK_OVERFLOW,https://intranet.daiict.ac.in/academics/course_policies/IT443_ResamplingTechniquesandBayesianComputation_Winter26 - Subhasish Basak.pdf,PDF
medium,False,academics/course_policy_it449_specification_and_verification_of_systems_winter24_pdf_-_puneet_bhateja.md,CHUNK_OVERFLOW,https://intranet.daiict.ac.in/academics/course_policies/IT449_Specification_And_Verification_of_systems_Winter24.pdf - Puneet Bhateja.pdf,PDF
medium,False,academics/course_policy_it457_cloud_computing_autumn_2025_page_280.md,CHUNK_OVERFLOW,https://intranet.daiict.ac.in/academics/Course_Booklet_for_Autumn_2025-26.pdf,PDF
medium,False,academics/course_policy_it499_biometricsecurity_winter26_-_shruti_bhilare.md,CHUNK_OVERFLOW,https://intranet.daiict.ac.in/academics/course_policies/IT499_BiometricSecurity_Winter26 - Shruti Bhilare.pdf,PDF
medium,False,academics/course_policy_it504_distributed_database_systems_mtech_ss_core_ii_semester_-_minal_bhise.md,CHUNK_OVERFLOW,https://intranet.daiict.ac.in/academics/course_policies/IT504_Distributed Database Systems_MTech SS Core II Semester - Minal Bhise.pdf,PDF
medium,False,academics/course_policy_it507_advanced_image_processing_winter26_-_srimanta_mandal.md,CHUNK_OVERFLOW,https://intranet.daiict.ac.in/academics/course_policies/IT507_Advanced Image Processing_Winter26 - Srimanta Mandal.pdf,PDF
medium,False,academics/course_policy_it524_computer_vision_autumn_2025_page_275.md,CHUNK_OVERFLOW,https://intranet.daiict.ac.in/academics/Course_Booklet_for_Autumn_2025-26.pdf,PDF
medium,False,academics/course_policy_it531_advanced_computer_networks_autumn_2025_page_271.md,CHUNK_OVERFLOW,https://intranet.daiict.ac.in/academics/Course_Booklet_for_Autumn_2025-26.pdf,PDF
medium,False,academics/course_policy_it543_advanced_logic_for_computer_science_autumn_2025_page_244.md,CHUNK_OVERFLOW,https://intranet.daiict.ac.in/academics/Course_Booklet_for_Autumn_2025-26.pdf,PDF
medium,False,academics/course_policy_it549_deep_learning_winter_26_-_arpit_rana.md,CHUNK_OVERFLOW,https://intranet.daiict.ac.in/academics/course_policies/IT549_ Deep_Learning_Winter_26 - Arpit Rana.pdf,PDF
medium,False,academics/course_policy_it555_deep_neural_nlp_applications_autumn_2025_page_283.md,CHUNK_OVERFLOW,https://intranet.daiict.ac.in/academics/Course_Booklet_for_Autumn_2025-26.pdf,PDF
medium,False,academics/course_policy_it561_ase_winter26_-_jayprakash_lalchandani.md,CHUNK_OVERFLOW,https://intranet.daiict.ac.in/academics/course_policies/IT561_ASE_Winter26 - JayPrakash Lalchandani.pdf,PDF
medium,False,academics/course_policy_it567_reinforcement_learning_winter_26_-_abhishek_jindal.md,CHUNK_OVERFLOW,https://intranet.daiict.ac.in/academics/course_policies/IT567_Reinforcement_Learning_Winter_26 - Abhishek Jindal.pdf,PDF
medium,False,academics/course_policy_it568_genai4softwareengineering_winter26_-_saurabh_tiwari.md,CHUNK_OVERFLOW,https://intranet.daiict.ac.in/academics/course_policies/IT568_GenAI4SoftwareEngineering_Winter26 - Saurabh Tiwari.pdf,PDF
medium,False,academics/course_policy_it584_approximation_algorithms_winter2026_-_rachit_chhaya.md,CHUNK_OVERFLOW,https://intranet.daiict.ac.in/academics/course_policies/IT584_Approximation Algorithms_Winter2026 - Rachit Chhaya.pdf,PDF
medium,False,academics/course_policy_it585_advanced_machine_learning_winter2026_-_rachit_chhaya.md,CHUNK_OVERFLOW,https://intranet.daiict.ac.in/academics/course_policies/IT585_Advanced Machine Learning_Winter2026 - Rachit Chhaya.pdf,PDF
medium,False,academics/course_policy_it590-advanced_statistical_tools_for_data_science.md,CHUNK_OVERFLOW,https://intranet.daiict.ac.in/academics/course_policies/IT590-Advanced Statistical Tools for Data Science.pdf,PDF
medium,False,academics/course_policy_it603_introduction_to_programming_autumn_2025_page_133.md,CHUNK_OVERFLOW,https://intranet.daiict.ac.in/academics/Course_Booklet_for_Autumn_2025-26.pdf,PDF
medium,False,academics/course_policy_it615_database_management_system_dbms_3_0_2_4_autumn_2025_page_129.md,CHUNK_OVERFLOW,https://intranet.daiict.ac.in/academics/Course_Booklet_for_Autumn_2025-26.pdf,PDF
medium,False,academics/course_policy_it620_objectorientedprogramming_winter25_docx_-_sourish_dasgupta.md,CHUNK_OVERFLOW,https://intranet.daiict.ac.in/academics/course_policies/IT620_ObjectOrientedProgramming_Winter25.docx - Sourish Dasgupta.pdf,PDF
medium,False,academics/course_policy_it623_data_structures_autumn_2025_page_126.md,CHUNK_OVERFLOW,https://intranet.daiict.ac.in/academics/Course_Booklet_for_Autumn_2025-26.pdf,PDF
medium,False,academics/course_policy_it628_system_programming.md,CHUNK_OVERFLOW,https://intranet.daiict.ac.in/academics/course_policies/IT628_System Programming.pdf,PDF
medium,False,academics/course_policy_it632_softwareengg_winter2026_-_jayprakash_lalchandani.md,CHUNK_OVERFLOW,https://intranet.daiict.ac.in/academics/course_policies/IT632_SoftwareEngg_Winter2026 - JayPrakash Lalchandani.pdf,PDF
medium,False,academics/course_policy_it637_introduction_to_algorithms_winter26_-_amit_mankodi.md,CHUNK_OVERFLOW,https://intranet.daiict.ac.in/academics/course_policies/IT637_Introduction_to_Algorithms_Winter26 - Amit Mankodi.pdf,PDF
medium,False,academics/course_policy_it643_software_design_and_testing_autumn_2025_page_149.md,CHUNK_OVERFLOW,https://intranet.daiict.ac.in/academics/Course_Booklet_for_Autumn_2025-26.pdf,PDF
medium,False,academics/course_policy_it644_web_services_service-oriented_architecture_autumn_2025_page_150.md,CHUNK_OVERFLOW,https://intranet.daiict.ac.in/academics/Course_Booklet_for_Autumn_2025-26.pdf,PDF
medium,False,academics/course_policy_it645_and_code_web_and_mobile_development_it645_autumn_2025_page_153.md,CHUNK_OVERFLOW,https://intranet.daiict.ac.in/academics/Course_Booklet_for_Autumn_2025-26.pdf,PDF
medium,False,academics/course_policy_it694_computernetworks_winter2026_-_kalyan_sasidhar_p_s.md,CHUNK_OVERFLOW,https://intranet.daiict.ac.in/academics/course_policies/IT694_ComputerNetworks_Winter2026 - kalyan sasidhar P S.pdf,PDF
medium,False,academics/course_policy_itxxx_information_visualization_and_analysis_autumn_2025_page_277.md,CHUNK_OVERFLOW,https://intranet.daiict.ac.in/academics/Course_Booklet_for_Autumn_2025-26.pdf,PDF
medium,False,academics/course_policy_ma612_fundamentals_of_analytics_statistical_methods_autumn_2025_page_158.md,CHUNK_OVERFLOW,https://intranet.daiict.ac.in/academics/Course_Booklet_for_Autumn_2025-26.pdf,PDF
medium,False,academics/course_policy_ma613_eo_earth_observation_system_autumn_2025_page_160.md,CHUNK_OVERFLOW,https://intranet.daiict.ac.in/academics/Course_Booklet_for_Autumn_2025-26.pdf,PDF
medium,False,academics/course_policy_ma614_ma614_preparatory_mathematics_autumn_2025_page_162.md,CHUNK_OVERFLOW,https://intranet.daiict.ac.in/academics/Course_Booklet_for_Autumn_2025-26.pdf,PDF
medium,False,academics/course_policy_ma615_fundamentals_of_agricultural_science_autumn_2025_page_172.md,CHUNK_OVERFLOW,https://intranet.daiict.ac.in/academics/Course_Booklet_for_Autumn_2025-26.pdf,PDF
medium,False,academics/course_policy_mc111_mathematical_algorithmic_and_computational_thinking_autumn_2025_page_19.md,CHUNK_OVERFLOW,https://intranet.daiict.ac.in/academics/Course_Booklet_for_Autumn_2025-26.pdf,PDF
medium,False,academics/course_policy_mc112_computer_organization_and_programming_autumn_2025_page_34.md,CHUNK_OVERFLOW,https://intranet.daiict.ac.in/academics/Course_Booklet_for_Autumn_2025-26.pdf,PDF
medium,False,academics/course_policy_mc116_digital_logic_design_autumn_2025_page_35.md,CHUNK_OVERFLOW,https://intranet.daiict.ac.in/academics/Course_Booklet_for_Autumn_2025-26.pdf,PDF
medium,False,academics/course_policy_mc122_objectorientedprogramming_winter25_-_ankit_vijayvargiya.md,CHUNK_OVERFLOW,https://intranet.daiict.ac.in/academics/course_policies/MC122_ObjectOrientedProgramming_Winter25 - Ankit Vijayvargiya.pdf,PDF
medium,False,academics/course_policy_mc123_discrete_mathematics_autumn_2025_page_41.md,CHUNK_OVERFLOW,https://intranet.daiict.ac.in/academics/Course_Booklet_for_Autumn_2025-26.pdf,PDF
medium,False,academics/course_policy_mc124_data_structures_and_algorithms_winter_2025-26_-_maniklal_das.md,CHUNK_OVERFLOW,https://intranet.daiict.ac.in/academics/course_policies/MC124 Data Structures and Algorithms_Winter 2025-26 - Maniklal Das.pdf,PDF
medium,False,academics/course_policy_mc125_functionsofsinglevariableandodes_winter25_-_madhukant_sharma.md,CHUNK_OVERFLOW,https://intranet.daiict.ac.in/academics/course_policies/MC125_FunctionsOfSingleVariableAndODEs_Winter25 - MadhuKant Sharma.pdf,PDF
medium,False,academics/course_policy_mc211_functions_of_several_variables_and_pdes_autumn_2025_page_70.md,CHUNK_OVERFLOW,https://intranet.daiict.ac.in/academics/Course_Booklet_for_Autumn_2025-26.pdf,PDF
medium,False,academics/course_policy_mc212_database_management_system_dbms_3_0_2_4_autumn_2025_page_72.md,CHUNK_OVERFLOW,https://intranet.daiict.ac.in/academics/Course_Booklet_for_Autumn_2025-26.pdf,PDF
medium,False,academics/course_policy_mc213_title_design_and_analysis_of_algorithms_autumn_2025_page_74.md,CHUNK_OVERFLOW,https://intranet.daiict.ac.in/academics/Course_Booklet_for_Autumn_2025-26.pdf,PDF
medium,False,academics/course_policy_mc214_operating_systems_autumn_2025.md,CHUNK_OVERFLOW,https://intranet.daiict.ac.in/academics/Course_Booklet_for_Autumn_2025-26.pdf,PDF
medium,False,academics/course_policy_mc216_probability_and_random_processes_autumn_2024_autumn_2025_page_77.md,CHUNK_OVERFLOW,https://intranet.daiict.ac.in/academics/Course_Booklet_for_Autumn_2025-26.pdf,PDF
medium,False,academics/course_policy_mc221_mathematicalstatistics_winter26_-_gopinath_panda.md,CHUNK_OVERFLOW,https://intranet.daiict.ac.in/academics/course_policies/MC221_MathematicalStatistics_Winter26 - Gopinath Panda.pdf,PDF
medium,False,academics/course_policy_mc222_real_and_complex_analysis_winter26_-_sudip_bera.md,CHUNK_OVERFLOW,https://intranet.daiict.ac.in/academics/course_policies/MC222_Real and Complex Analysis_Winter26 - Sudip Bera.pdf,PDF
medium,False,academics/course_policy_mc223_theory_of_computation_winter24_pdf_-_puneet_bhateja.md,CHUNK_OVERFLOW,https://intranet.daiict.ac.in/academics/course_policies/MC223_Theory_of_computation_Winter24.pdf - Puneet Bhateja.pdf,PDF
medium,False,academics/course_policy_mc225_numerical_and_computational_methods_winter_2026_-_nabin_sahu.md,CHUNK_OVERFLOW,https://intranet.daiict.ac.in/academics/course_policies/MC225_Numerical and Computational Methods_Winter 2026 - Nabin Sahu.pdf,PDF
medium,False,academics/course_policy_mc226_-_environmental_studies_-_nandini_banerjee.md,CHUNK_OVERFLOW,https://intranet.daiict.ac.in/academics/course_policies/MC226 - Environmental Studies - Nandini Banerjee.pdf,PDF
medium,False,academics/course_policy_mc312_modelling_and_simulation_autumn_2025_page_106.md,CHUNK_OVERFLOW,https://intranet.daiict.ac.in/academics/Course_Booklet_for_Autumn_2025-26.pdf,PDF
medium,False,academics/course_policy_mc313_algebraic_structures_course_content_autumn_2025_page_109.md,CHUNK_OVERFLOW,https://intranet.daiict.ac.in/academics/Course_Booklet_for_Autumn_2025-26.pdf,PDF
medium,False,academics/course_policy_mi601_masters_of_design_in_intelligent_user_experience_design_mdes_iuxd_autumn_2025_page_208.md,CHUNK_OVERFLOW,https://intranet.daiict.ac.in/academics/Course_Booklet_for_Autumn_2025-26.pdf,PDF
medium,False,academics/course_policy_mi611_-_design_thinking_concepts_concerns.md,CHUNK_OVERFLOW,https://intranet.daiict.ac.in/academics/course_policies/MI611 - Design Thinking Concepts & concerns.pdf,PDF
medium,False,academics/course_policy_pc110_introduction_to_language_and_literature_autumn_2025_page_6.md,CHUNK_OVERFLOW,https://intranet.daiict.ac.in/academics/Course_Booklet_for_Autumn_2025-26.pdf,PDF
medium,False,academics/course_policy_pc503_programming_lab_autumn_2025_page_115.md,CHUNK_OVERFLOW,https://intranet.daiict.ac.in/academics/Course_Booklet_for_Autumn_2025-26.pdf,PDF
medium,False,academics/course_policy_pc512_technical_writing_and_communication_skills_autumn_2025_page_119.md,CHUNK_OVERFLOW,https://intranet.daiict.ac.in/academics/Course_Booklet_for_Autumn_2025-26.pdf,PDF
medium,False,academics/course_policy_pc613_autumn_2025_autumn_2025_page_125.md,CHUNK_OVERFLOW,https://intranet.daiict.ac.in/academics/Course_Booklet_for_Autumn_2025-26.pdf,PDF
medium,False,academics/course_policy_pc721_course_approaches_to_culture_and_communication_autumn_2025_page_177.md,CHUNK_OVERFLOW,https://intranet.daiict.ac.in/academics/Course_Booklet_for_Autumn_2025-26.pdf,PDF
medium,False,academics/course_policy_pc722_fundamentals_of_design_-_i_drawing_observation_composition_autumn_2025_page_184.md,CHUNK_OVERFLOW,https://intranet.daiict.ac.in/academics/Course_Booklet_for_Autumn_2025-26.pdf,PDF
medium,False,academics/course_policy_pc726_multimodalstorytelling_winter25_-_jenson_joseph.md,CHUNK_OVERFLOW,https://intranet.daiict.ac.in/academics/course_policies/PC726_MultimodalStorytelling_Winter25 - Jenson Joseph.pdf,PDF
medium,False,academics/course_policy_pc732_fundamentals_of_design_-_ii_autumn_2025_page_192.md,CHUNK_OVERFLOW,https://intranet.daiict.ac.in/academics/Course_Booklet_for_Autumn_2025-26.pdf,PDF
medium,False,academics/course_policy_pc746_-information_design.md,CHUNK_OVERFLOW,https://intranet.daiict.ac.in/academics/course_policies/PC746 -Information Design.pdf,PDF
medium,False,academics/course_policy_pc748_course_autumn_2025_page_174.md,CHUNK_OVERFLOW,https://intranet.daiict.ac.in/academics/Course_Booklet_for_Autumn_2025-26.pdf,PDF
medium,False,academics/course_policy_pc749_image_text_sound_autumn_2025_page_201.md,CHUNK_OVERFLOW,https://intranet.daiict.ac.in/academics/Course_Booklet_for_Autumn_2025-26.pdf,PDF
medium,False,academics/course_policy_pc753_-_fundamentals_of_filmmaking.md,CHUNK_OVERFLOW,https://intranet.daiict.ac.in/academics/course_policies/PC753 -  Fundamentals of Filmmaking.pdf,PDF
medium,False,academics/course_policy_pc754-_introduction_to_photography.md,CHUNK_OVERFLOW,https://intranet.daiict.ac.in/academics/course_policies/PC754-  Introduction to Photography.pdf,PDF
medium,False,academics/course_policy_sc107_calculus_autumn_2025_page_17.md,CHUNK_OVERFLOW,https://intranet.daiict.ac.in/academics/Course_Booklet_for_Autumn_2025-26.pdf,PDF
medium,False,academics/course_policy_sc205_discretemathematics_winter2025_26_-_aditya_tatu.md,CHUNK_OVERFLOW,https://intranet.daiict.ac.in/academics/course_policies/SC205_DiscreteMathematics_Winter2025_26 - Aditya Tatu.pdf,PDF
medium,False,academics/course_policy_sc217_electromagnetictheory_winter26_-_pratim_roy.md,CHUNK_OVERFLOW,https://intranet.daiict.ac.in/academics/course_policies/SC217_ElectromagneticTheory_Winter26 - Pratim Roy.pdf,PDF
medium,False,academics/course_policy_sc223_linear_algebra_autumn_2025_page_67.md,CHUNK_OVERFLOW,https://intranet.daiict.ac.in/academics/Course_Booklet_for_Autumn_2025-26.pdf,PDF
medium,False,academics/course_policy_sc224_probability_and_statistics_winter_26_-_madhukant_sharma.md,CHUNK_OVERFLOW,https://intranet.daiict.ac.in/academics/course_policies/SC224_Probability_and_Statistics_Winter_26 - MadhuKant Sharma.pdf,PDF
medium,False,academics/course_policy_sc301_-_numerical_linear_algebra_-_aditya_tatu.md,CHUNK_OVERFLOW,https://intranet.daiict.ac.in/academics/course_policies/SC301 - Numerical_Linear_Algebra - Aditya Tatu.pdf,PDF
medium,False,academics/course_policy_sc401_introduction_to_nonlinear_dynamics_autumn_2025_page_314.md,CHUNK_OVERFLOW,https://intranet.daiict.ac.in/academics/Course_Booklet_for_Autumn_2025-26.pdf,PDF
medium,False,academics/course_policy_sc402_introduction_to_cryptography_winter_2025-27_-_maniklal_das.md,CHUNK_OVERFLOW,https://intranet.daiict.ac.in/academics/course_policies/SC402 Introduction to Cryptography_Winter 2025-27 - Maniklal Das.pdf,PDF
medium,False,academics/course_policy_sc404_advanced_matrix_theory_autumn_2025_page_249.md,CHUNK_OVERFLOW,https://intranet.daiict.ac.in/academics/Course_Booklet_for_Autumn_2025-26.pdf,PDF
medium,False,academics/course_policy_sc407_-_environmental_science.md,CHUNK_OVERFLOW,https://intranet.daiict.ac.in/academics/course_policies/SC407 - Environmental Science.pdf,PDF
medium,False,academics/course_policy_sc409_introduction_to_financial_mathematics_winter26_-_abhishek_tilva.md,CHUNK_OVERFLOW,https://intranet.daiict.ac.in/academics/course_policies/SC409_Introduction_To_Financial_Mathematics_Winter26 - Abhishek Tilva.pdf,PDF
medium,False,academics/course_policy_sc421-introduction_to_modern_algebra_-_gautam_dutta.md,CHUNK_OVERFLOW,https://intranet.daiict.ac.in/academics/course_policies/SC421-Introduction to Modern Algebra - Gautam Dutta.pdf,PDF
medium,False,academics/course_policy_sc435_introduction_to_complex_networks_autumn_2025_page_311.md,CHUNK_OVERFLOW,https://intranet.daiict.ac.in/academics/Course_Booklet_for_Autumn_2025-26.pdf,PDF
medium,False,academics/course_policy_sc444_gametheory_winter2026_-_g_venkatesh.md,CHUNK_OVERFLOW,https://intranet.daiict.ac.in/academics/course_policies/SC444_GameTheory_Winter2026 - G Venkatesh.pdf,PDF
medium,False,academics/course_policy_sc463_quantum-computation_-_gautam_dutta.md,CHUNK_OVERFLOW,https://intranet.daiict.ac.in/academics/course_policies/SC463_Quantum-Computation - Gautam Dutta.pdf,PDF
medium,False,academics/course_policy_sc471_and_algorithmic_graph_theory_during_autumn_2025-26_autumn_2025_page_246.md,CHUNK_OVERFLOW,https://intranet.daiict.ac.in/academics/Course_Booklet_for_Autumn_2025-26.pdf,PDF
medium,False,academics/course_policy_sc475_time_series_analysis_winter26_-_mukesh_tiwari.md,CHUNK_OVERFLOW,https://intranet.daiict.ac.in/academics/course_policies/SC475_Time_Series_Analysis_Winter26 - Mukesh Tiwari.pdf,PDF
medium,False,academics/course_policy_sc478_application_of_statistical_physics_to_complex_autumn_2025_page_316.md,CHUNK_OVERFLOW,https://intranet.daiict.ac.in/academics/Course_Booklet_for_Autumn_2025-26.pdf,PDF
medium,False,academics/course_policy_sc612_title_discrete_mathematics_autumn_2025_page_131.md,CHUNK_OVERFLOW,https://intranet.daiict.ac.in/academics/Course_Booklet_for_Autumn_2025-26.pdf,PDF
medium,False,academics/course_policy_sc613_mathematical_foundation_for_data_science_autumn_2025_page_134.md,CHUNK_OVERFLOW,https://intranet.daiict.ac.in/academics/Course_Booklet_for_Autumn_2025-26.pdf,PDF
medium,False,academics/course_policy_unknown_debating_right_and_wrong_in_the_mahabharata_style_and_context_autumn_2025_page_304.md,CHUNK_OVERFLOW,https://intranet.daiict.ac.in/academics/Course_Booklet_for_Autumn_2025-26.pdf,PDF
medium,False,academics/course_policy_unknown_ds-805_machine_learning_system_engineering_autumn_2025_page_156.md,CHUNK_OVERFLOW,https://intranet.daiict.ac.in/academics/Course_Booklet_for_Autumn_2025-26.pdf,PDF
medium,False,academics/course_policy_unknown_foundations_of_machine_learning_autumn_2025.md,CHUNK_OVERFLOW,https://intranet.daiict.ac.in/academics/Course_Booklet_for_Autumn_2025-26.pdf,PDF
medium,False,academics/course_policy_unknown_management_skills_for_professional_excellence_autumn_2025_page_329.md,CHUNK_OVERFLOW,https://intranet.daiict.ac.in/academics/Course_Booklet_for_Autumn_2025-26.pdf,PDF
medium,False,academics/course_policy_unknown_mc311mathematicaloptimization_autumn_2025_page_104.md,CHUNK_OVERFLOW,https://intranet.daiict.ac.in/academics/Course_Booklet_for_Autumn_2025-26.pdf,PDF
medium,False,academics/course_policy_unknown_principles_of_economics_autumn_2025_page_111.md,CHUNK_OVERFLOW,https://intranet.daiict.ac.in/academics/Course_Booklet_for_Autumn_2025-26.pdf,PDF
medium,False,academics/course_policy_unknown_statistical_methods_data_science_autumn_2025_page_136.md,CHUNK_OVERFLOW,https://intranet.daiict.ac.in/academics/Course_Booklet_for_Autumn_2025-26.pdf,PDF
medium,False,academics/course_policy_unknown_vlsi_circuits_for_dsp_autumn_2025_page_264.md,CHUNK_OVERFLOW,https://intranet.daiict.ac.in/academics/Course_Booklet_for_Autumn_2025-26.pdf,PDF
medium,False,academics/directory_v2.md,CHUNK_OVERFLOW,https://www.daiict.ac.in/directory,web
medium,False,academics/leadership/board_of_governors_v2.md,CHUNK_OVERFLOW,https://daiict.ac.in/board-governors,web
medium,False,academics/leadership/deans_office_overview_v2.md,HEADING_MISSING | CHUNK_OVERFLOW,https://daiict.ac.in/deans-office-0,web
medium,False,academics/people_overview_v2.md,CHUNK_OVERFLOW,https://daiict.ac.in/#tab-1,web
medium,False,academics/procurement/tenders_v2.md,HEADING_MISSING | CHUNK_OVERFLOW,https://www.daiict.ac.in/tenders,web
medium,False,academics/programs_of_study/dual_degree_programs/bs_ms_information_technology.md,CHUNK_OVERFLOW,https://www.daiict.ac.in/bs-ms-information-technology,web
medium,False,academics/programs_of_study/postgraduate_programs/mdes_communication_design.md,CHUNK_OVERFLOW,https://www.daiict.ac.in/mdes-communication-design,web
medium,False,academics/programs_of_study/postgraduate_programs/mdes_intelligent_user_experience_design.md,CHUNK_OVERFLOW,https://www.daiict.ac.in/mdes-intelligent-user-experience-design,web
medium,False,academics/programs_of_study/postgraduate_programs/msc_agriculture_analytics.md,CHUNK_OVERFLOW,https://www.daiict.ac.in/msc-agriculture-analytics,web
medium,False,academics/programs_of_study/postgraduate_programs/msc_it.md,CHUNK_OVERFLOW,https://www.daiict.ac.in/msc-it,web
medium,False,academics/programs_of_study/postgraduate_programs/mtech_ict.md,CHUNK_OVERFLOW,https://www.daiict.ac.in/mtech-ict,web
medium,False,academics/programs_of_study/undergraduate_programs/btech_csai.md,CHUNK_OVERFLOW,https://www.daiict.ac.in/btech-csai,web
medium,False,academics/programs_of_study/undergraduate_programs/btech_evd.md,CHUNK_OVERFLOW,https://www.daiict.ac.in/btech-evd,web
medium,False,academics/programs_of_study/undergraduate_programs/btech_honours_ict_minor_computational_science.md,CHUNK_OVERFLOW,https://www.daiict.ac.in/btech-honours-ict-minor-computational-science,web
medium,False,academics/programs_of_study/undergraduate_programs/btech_ict_curriculum_syllabus.md,CHUNK_OVERFLOW,https://www.daiict.ac.in/btech-ict,web
medium,False,academics/programs_of_study/undergraduate_programs/btech_mnc.md,CHUNK_OVERFLOW,https://www.daiict.ac.in/btech-mnc,web
medium,False,academics/programs_of_study/undergraduate_programs/undergraduate_programs.md,CHUNK_OVERFLOW,https://www.daiict.ac.in/programs-of-study,web
medium,False,achievements/chosen_for_award_of_center_of_excellence_by_the_government_of_gujarat.md,CRLF_ENCODING | HEADING_MISSING,https://www.daiict.ac.in/chosen-award-center-excellence-government-gujarat,web
medium,False,achievements/global_appreciation_for_dau_alumnus_features_in_prominent_halls_of_fame_worldwide.md,HEADING_MISSING,https://www.daiict.ac.in/news/6726,web
medium,False,achievements/hipc_student_programming_challenge.md,CRLF_ENCODING | HEADING_MISSING,https://www.daiict.ac.in/achievements/1053,web
medium,False,achievements/induction_of_our_alum_to_the_board_of_governors_dau.md,HEADING_MISSING,https://www.daiict.ac.in/news/6681,web
medium,False,achievements/jahnvi_trivedi_of_m_des_2021_batch_shines_through_the_firki_ni_dori_film_at_the.md,CRLF_ENCODING | HEADING_MISSING,https://www.daiict.ac.in/achievements/6183,web
medium,False,achievements/jahnvi_trivedi_of_m_des_2021_batch_shines_through_the_firki_ni_dori_film_at_the_green_frames_vatavaran_short_film_competition_and_festival.md,HEADING_MISSING,https://www.daiict.ac.in/news/6182,web
medium,False,achievements/naac_grade_accreditation.md,CHUNK_OVERFLOW,https://www.daiict.ac.in/da-iict-achieves-naac-grade-accreditation,web
medium,False,achievements/research_noteworthy_contributions_accomplishments.md,CRLF_ENCODING | HEADING_MISSING | CHUNK_OVERFLOW,https://www.daiict.ac.in/accomplishments,web
medium,False,administration/daiict_ac_in_alumni_data_privacy_policy.md,CHUNK_OVERFLOW,https://www.daiict.ac.in/alumni/data-privacy-policy,web
medium,False,administration/daiict_ac_in_sites_default_files_naac_addendum_final_pdf.md,CHUNK_OVERFLOW,https://www.daiict.ac.in/sites/default/files/NAAC-Addendum-final.pdf,PDF
medium,False,administration/daiict_ac_in_sites_default_files_naac_evaluative_report_pdf.md,CHUNK_OVERFLOW,https://www.daiict.ac.in/sites/default/files/NAAC-Evaluative-Report.pdf,PDF
medium,False,administration/daiict_ac_in_sites_default_files_other_files_180_kw_solar_roof_top_plant_technic.md,CHUNK_OVERFLOW,https://www.daiict.ac.in/sites/default/files/other-files/180_KW-Solar-Roof-Top-Plant_Technical-Bid.pdf,PDF
medium,False,administration/daiict_ac_in_sites_default_files_other_files_6_1_1_vision_mission_strategic_plan.md,CHUNK_OVERFLOW,https://www.daiict.ac.in/sites/default/files/other-files/6.1.1_Vision-Mission-Strategic-Plan.pdf,PDF
medium,False,administration/daiict_ac_in_sites_default_files_other_files_admin_parking_office_arrangement_ci.md,CHUNK_OVERFLOW,https://www.daiict.ac.in/sites/default/files/other-files/Admin-Parking-Office-Arrangement_Civil_150525.pdf,PDF
medium,False,administration/daiict_ac_in_sites_default_files_other_files_admin_parking_office_arrangement_wa.md,CHUNK_OVERFLOW,https://www.daiict.ac.in/sites/default/files/other-files/Admin-Parking-Office-Arrangement-Washroom-Works_150525.pdf,PDF
medium,False,administration/daiict_ac_in_sites_default_files_other_files_alumni_connect_20_vol_1_no_2_jan_ma.md,CHUNK_OVERFLOW,https://www.daiict.ac.in/sites/default/files/other-files/Alumni_Connect%20_Vol-1_No-2_Jan-Mar_2026.pdf,PDF
medium,False,administration/daiict_ac_in_sites_default_files_other_files_alumni_connect_vol_1_no_1_oct_dec_2.md,CHUNK_OVERFLOW,https://www.daiict.ac.in/sites/default/files/other-files/Alumni-Connect_Vol-1_No-1_Oct-Dec_2025.pdf,PDF
medium,False,administration/daiict_ac_in_sites_default_files_other_files_amended_da_iict_act_gazette_june_20.md,CHUNK_OVERFLOW,https://daiict.ac.in/sites/default/files/other-files/Amended_DA-IICT_Act-Gazette_June-2024.pdf,PDF
medium,False,administration/daiict_ac_in_sites_default_files_other_files_annexure_2_technical_financial_bid_.md,CHUNK_OVERFLOW,https://www.daiict.ac.in/sites/default/files/other-files/Annexure_2_Technical-Financial_Bid_Oct25.pdf,PDF
medium,False,administration/daiict_ac_in_sites_default_files_other_files_annual_report_2022_23_pdf.md,CHUNK_OVERFLOW,https://daiict.ac.in/sites/default/files/other-files/Annual-Report_2022-23.pdf,PDF
medium,False,administration/daiict_ac_in_sites_default_files_other_files_cep_policy_may_2024_pdf.md,CHUNK_OVERFLOW,https://www.daiict.ac.in/sites/default/files/other-files/CEP_Policy_May-2024.pdf,PDF
medium,False,administration/daiict_ac_in_sites_default_files_other_files_coe_certificate_pdf.md,CHUNK_OVERFLOW,https://daiict.ac.in/sites/default/files/other-files/CoE-Certificate.pdf,PDF
medium,False,administration/daiict_ac_in_sites_default_files_other_files_coe_notification_28_april_2025_pdf.md,CHUNK_OVERFLOW,https://daiict.ac.in/sites/default/files/other-files/COE_Notification_28-April-2025.pdf,PDF
medium,False,administration/daiict_ac_in_sites_default_files_other_files_consultancy_policy_pdf.md,CHUNK_OVERFLOW,https://www.daiict.ac.in/sites/default/files/other-files/Consultancy-Policy.pdf,PDF
medium,False,administration/daiict_ac_in_sites_default_files_other_files_da_iict_vehicle_rules_for_students_.md,CHUNK_OVERFLOW,https://daiict.ac.in/sites/default/files/other-files/DA-IICT_Vehicle_Rules_for_Students.pdf,PDF
medium,False,administration/daiict_ac_in_sites_default_files_other_files_daiict_act_2003_pdf.md,CHUNK_OVERFLOW,https://daiict.ac.in/sites/default/files/other-files/DAIICT_Act-2003.pdf,PDF
medium,False,administration/daiict_ac_in_sites_default_files_other_files_dau_pg_placement_report_2023_2024_p.md,CHUNK_OVERFLOW,https://www.daiict.ac.in/sites/default/files/other-files/DAU-PG-Placement-Report-2023-2024.pdf,PDF
medium,False,administration/daiict_ac_in_sites_default_files_other_files_dau_policy_against_sexual_harassmen.md,CHUNK_OVERFLOW,https://www.daiict.ac.in/sites/default/files/other-files/DAU-Policy-against-Sexual-Harassment_2026.pdf,PDF
medium,False,administration/daiict_ac_in_sites_default_files_other_files_dau_silver_jubilee_symposium_report.md,CHUNK_OVERFLOW,https://www.daiict.ac.in/sites/default/files/other-files/DAU-Silver-Jubilee-Symposium_Report_2025.pdf,PDF
medium,False,administration/daiict_ac_in_sites_default_files_other_files_dau_ug_placement_report_2023_2024_p.md,CHUNK_OVERFLOW,https://www.daiict.ac.in/sites/default/files/other-files/DAU-UG-Placement-Report-2023-2024.pdf,PDF
medium,False,administration/daiict_ac_in_sites_default_files_other_files_e_governance_policy_pdf.md,CHUNK_OVERFLOW,https://www.daiict.ac.in/sites/default/files/other-files/E-Governance_Policy.pdf,PDF
medium,False,administration/daiict_ac_in_sites_default_files_other_files_environment_and_energy_usage_policy.md,CHUNK_OVERFLOW,https://www.daiict.ac.in/sites/default/files/other-files/Environment-and-Energy-Usage-Policy.pdf,PDF
medium,False,administration/daiict_ac_in_sites_default_files_other_files_intent_for_proposal_ifp_pdf.md,CHUNK_OVERFLOW,https://www.daiict.ac.in/sites/default/files/other-files/Intent-for-Proposal_IFP.pdf,PDF
medium,False,administration/daiict_ac_in_sites_default_files_other_files_list_of_completed_programs_under_th.md,CHUNK_OVERFLOW,https://www.daiict.ac.in/sites/default/files/other-files/List-of-Completed-Programs-under-the_Continuing-Education-Program_at_DAU_DA-IICT.pdf,PDF
medium,False,administration/daiict_ac_in_sites_default_files_other_files_one_time_purchase_open_inquiry_oct2.md,CHUNK_OVERFLOW,https://www.daiict.ac.in/sites/default/files/other-files/One-Time-Purchase-Open-Inquiry-Oct25.pdf,PDF
medium,False,administration/daiict_ac_in_sites_default_files_other_files_piaac_2025_pdf.md,CHUNK_OVERFLOW,https://www.daiict.ac.in/sites/default/files/other-files/PIAAC-2025.pdf,PDF
medium,False,administration/daiict_ac_in_sites_default_files_other_files_public_self_disclosure_2025_pdf.md,CHUNK_OVERFLOW,https://www.daiict.ac.in/sites/default/files/other-files/Public-Self-Disclosure_2025.pdf,PDF
medium,False,administration/daiict_ac_in_sites_default_files_other_files_punishment_for_act_of_indiscipline_.md,CHUNK_OVERFLOW,https://www.daiict.ac.in/sites/default/files/other-files/Punishment-for-act-of-indiscipline_2024.pdf,PDF
medium,False,administration/daiict_ac_in_sites_default_files_other_files_reliance_foundation_abhi_2023_pdf.md,CHUNK_OVERFLOW,https://www.daiict.ac.in/sites/default/files/other-files/Reliance-Foundation_Abhi_2023.pdf,PDF
medium,False,administration/daiict_ac_in_sites_default_files_other_files_s4p_2024_final_20_closure_report_pd.md,CHUNK_OVERFLOW,https://www.daiict.ac.in/sites/default/files/other-files/S4P-2024_final%20_Closure-Report.pdf,PDF
medium,False,administration/daiict_ac_in_sites_default_files_other_files_teaching_assistantship_policy_2025_.md,CHUNK_OVERFLOW,https://www.daiict.ac.in/sites/default/files/other-files/Teaching_Assistantship_Policy_2025.pdf,PDF
medium,False,administration/daiict_ac_in_sites_default_files_other_files_teaching_fellow_policy_pdf.md,CHUNK_OVERFLOW,https://www.daiict.ac.in/sites/default/files/other-files/Teaching-Fellow-Policy.pdf,PDF
medium,False,administration/daiict_ac_in_sites_default_files_other_files_tender_ee2526008_high_performance_c.md,CHUNK_OVERFLOW,https://www.daiict.ac.in/sites/default/files/other-files/Tender-EE2526008_High-Performance-Computing-R.01_11-12-25.pdf,PDF
medium,False,administration/daiict_ac_in_sites_default_files_other_files_tender_for_replacement_of_window_ac.md,CHUNK_OVERFLOW,https://www.daiict.ac.in/sites/default/files/other-files/Tender-for-replacement-of-Window-AC-with-Split-AC.pdf,PDF
medium,False,administration/daiict_ac_in_sites_default_files_other_files_tender_no_ee2526006_annex_3_civil_w.md,CHUNK_OVERFLOW,https://www.daiict.ac.in/sites/default/files/other-files/Tender-No-EE2526006-Annex-3-Civil-Works_Dining-Washroom-Creche-Facility_26-09-25.pdf,PDF
medium,False,administration/daiict_ac_in_sites_default_files_other_files_tender_no_ee2526006_annex_3_electri.md,CHUNK_OVERFLOW,https://www.daiict.ac.in/sites/default/files/other-files/Tender-No-EE2526006-Annex-3-Electrical_Dining-Washroom-Creche-Room_26-09-25.pdf,PDF
medium,False,administration/daiict_ac_in_sites_default_files_other_files_tender_no_ee2526006_annex_4_make_an.md,CHUNK_OVERFLOW,https://www.daiict.ac.in/sites/default/files/other-files/Tender-No-EE2526006-Annex-4-Make-and-Model_Dining-Washroom-Creche-Room_26-09-25.pdf,PDF
medium,False,administration/daiict_ac_in_sites_default_files_other_files_tender_no_ee2526007_annex_3_civil_w.md,CHUNK_OVERFLOW,https://www.daiict.ac.in/sites/default/files/other-files/Tender-No-EE2526007-Annex-3-Civil-Works_Mess-Washroom_260925.pdf,PDF
medium,False,administration/daiict_ac_in_sites_default_files_other_files_tender_no_ee2526007_annex_3_electri.md,CHUNK_OVERFLOW,https://www.daiict.ac.in/sites/default/files/other-files/Tender-No-EE2526007-Annex-3-Electrical-Works_Mess-Washroom_260925.pdf,PDF
medium,False,administration/daiict_ac_in_sites_default_files_other_files_tender_no_ee2526007_annex_4_make_an.md,CHUNK_OVERFLOW,https://www.daiict.ac.in/sites/default/files/other-files/Tender-No-EE2526007-Annex-4-Make-and-Model-Mess-Washroom_260925.pdf,PDF
medium,False,administration/daiict_ac_in_sites_default_files_other_files_tender_tandc_wi_fi_set_up_for_refur.md,CHUNK_OVERFLOW,https://www.daiict.ac.in/sites/default/files/other-files/Tender_TandC_Wi-Fi_Set-up_for_Refurbishing_of_CEP_Classrooms_220526.pdf,PDF
medium,False,administration/daiict_ac_in_sites_default_files_other_files_ugc_notification_change_of_name_dau.md,CHUNK_OVERFLOW,https://daiict.ac.in/sites/default/files/other-files/UGC-Notification-Change-of-name_DAU_2F_25-June-2024.pdf,PDF
medium,False,administration/daiict_ac_in_sites_default_files_other_files_whistle_blowers_policy_pdf.md,CHUNK_OVERFLOW,https://www.daiict.ac.in/sites/default/files/other-files/Whistle-Blowers-Policy.pdf,PDF
medium,False,administration/daiict_ac_in_table_1_grievance_redressal_authority_students.md,CHUNK_OVERFLOW,https://www.daiict.ac.in/table-1-grievance-redressal-authority-students,web
medium,False,administration/daiict_ac_in_themes_daiict_images_daiict_ar_2014_15_pdf.md,CHUNK_OVERFLOW,https://daiict.ac.in/themes/daiict/images/DAIICT-AR-2014-15.pdf,PDF
medium,False,administration/daiict_ac_in_themes_daiict_images_daiict_ar_2017_18_pdf.md,CHUNK_OVERFLOW,https://daiict.ac.in/themes/daiict/images/DAIICT-AR-2017-18.pdf,PDF
medium,False,administration/daiict_ac_in_themes_daiict_images_ugc_notification_pdf.md,CHUNK_OVERFLOW,https://daiict.ac.in/themes/daiict/images/UGC-Notification.pdf,PDF
medium,False,admissions/dual_degree_admissions/bs_ms_information_technology_admissions.md,CHUNK_OVERFLOW,https://www.daiict.ac.in/bs-ms-information-technology-admissions,web
medium,False,admissions/pg_admissions/mtech_ict_all_india_category.md,HEADING_MISSING | CHUNK_OVERFLOW,https://www.daiict.ac.in/mtech-ict-all-india-category,web
medium,False,admissions/pg_admissions/mtech_ict_gujarat_category.md,CHUNK_OVERFLOW,https://www.daiict.ac.in/mtech-ict-gujarat-category,web
medium,False,admissions/phd_admissions/visvesvaraya_phd_scheme.md,CHUNK_OVERFLOW,https://www.daiict.ac.in/visvesvaraya-phd-scheme,web
medium,False,admissions/scholarships/b_tech_dafs_merit_scholarships_at_da_iict.md,HEADING_MISSING | CHUNK_OVERFLOW,https://www.daiict.ac.in/b-tech-dafs-merit-scholarships-da-iict,web
medium,False,admissions/scholarships/b_tech_scholarships_at_dau.md,CHUNK_OVERFLOW,https://www.daiict.ac.in/btech-merit-and-mcm-scholarships,web
medium,False,admissions/scholarships/bs_ms_scholarships_at_dau.md,CHUNK_OVERFLOW,https://www.daiict.ac.in/bs-ms-scholarships-dau,web
medium,False,admissions/scholarships/dau_scholarships_to_m_sc_agriculture_analytics_students.md,CHUNK_OVERFLOW,https://www.daiict.ac.in/da-iict-scholarships-msc-agriculture-analytics-students,web
medium,False,admissions/scholarships/dau_scholarships_to_m_sc_data_science_students.md,CHUNK_OVERFLOW,https://www.daiict.ac.in/da-iict-scholarships-msc-data-science-students,web
medium,False,admissions/scholarships/jai_jhulelal_scholarships_for_b_tech_students.md,CHUNK_OVERFLOW,https://www.daiict.ac.in/jai-jhulelal-scholarships-btech-students,web
medium,False,admissions/scholarships/m_des_scholarship.md,CHUNK_OVERFLOW,https://www.daiict.ac.in/mdes-scholarship,web
medium,False,admissions/scholarships/m_sc_it_scholarships.md,CHUNK_OVERFLOW,https://www.daiict.ac.in/msc-it-scholarships,web
medium,False,admissions/scholarships/the_satnaam_waheguruji_scholarships_for_b_tech_students.md,CHUNK_OVERFLOW,https://www.daiict.ac.in/satnaam-waheguruji-scholarships-btech-students,web
medium,False,admissions/scholarships/ug_institute_fellowships_at_dau.md,CHUNK_OVERFLOW,https://www.daiict.ac.in/btech-institute-fellowships,web
medium,False,admissions/ug_admissions/undergraduate_admissions_all_india_category.md,CHUNK_OVERFLOW,https://www.daiict.ac.in/undergraduate-admissions-all-india-category,web
medium,False,admissions/ug_admissions/undergraduate_admissions_nri_and_foreign_national_category.md,CHUNK_OVERFLOW,https://www.daiict.ac.in/undergraduate-admissions-nri-and-foreign-national-category,web
medium,False,announcements/daiict_ac_in_sites_default_files_other_files_newsletter_july_december_2020_new_p.md,CHUNK_OVERFLOW,https://www.daiict.ac.in/sites/default/files/other-files/Newsletter-july-december-2020-new.pdf,PDF
medium,False,announcements/daiict_ac_in_sites_default_files_other_files_newsletter_sixth_volume_oct23_pdf.md,CHUNK_OVERFLOW,https://www.daiict.ac.in/sites/default/files/other-files/Newsletter_Sixth_Volume_Oct23.pdf,PDF
medium,False,announcements/daiict_ac_in_sites_default_files_other_files_newsletter_vol_3_pdf.md,CHUNK_OVERFLOW,https://www.daiict.ac.in/sites/default/files/other-files/Newsletter_Vol-3.pdf,PDF
medium,False,announcements/daiict_ac_in_sites_default_files_other_files_newsletter_vol_5_pdf.md,CHUNK_OVERFLOW,https://www.daiict.ac.in/sites/default/files/other-files/Newsletter_Vol-5.pdf,PDF
medium,False,announcements/daiict_ac_in_themes_daiict_images_newsletter_jan_june_2020_pdf.md,CHUNK_OVERFLOW,https://www.daiict.ac.in/themes/daiict/images/Newsletter-jan-june-2020.pdf,PDF
medium,False,announcements/in_loving_memory_of_prof_v_p_sinha.md,HEADING_MISSING | CHUNK_OVERFLOW,https://www.daiict.ac.in/news/6123,web
medium,False,announcements/prof_avinash_dadhich_appointed_founding_director.md,HEADING_MISSING | CHUNK_OVERFLOW,https://www.daiict.ac.in/prof-avinash-dadhich-appointed-founding-director-establish-proposed-school-law,web
medium,False,announcements/university_launches_visual_identity.md,HEADING_MISSING | CHUNK_OVERFLOW,https://daiict.ac.in/dhirubhai-ambani-university-launches-its-visual-identity,web
medium,False,cep/cep.md,CHUNK_OVERFLOW,https://www.daiict.ac.in/cep,web
medium,False,cep/courses_through_cep_aip.md,CHUNK_OVERFLOW,https://www.daiict.ac.in/courses-through-aip-cep,web
medium,False,events/16th_edition_of_the_forum_for_information_retrieval_evaluation_fire_2024.md,CRLF_ENCODING | HEADING_MISSING,https://www.daiict.ac.in/events/6535,web
medium,False,events/1st_daaig_workshop_on_modern_llms_and_applications.md,CRLF_ENCODING | HEADING_MISSING,https://www.daiict.ac.in/events/6680,web
medium,False,events/a_talk_by_our_alumni_dr_ronak_kosti.md,CRLF_ENCODING | HEADING_MISSING,https://www.daiict.ac.in/events/6648,web
medium,False,events/academia_industry_connect_dhirubhai_ambani_university_at_colgate_global_business_services_pvt_ltd.md,HEADING_MISSING | CHUNK_OVERFLOW,https://www.daiict.ac.in/news/6943,web
medium,False,events/academic_bank_of_credit_interactive_student_session.md,CRLF_ENCODING | HEADING_MISSING,https://www.daiict.ac.in/events/6834,web
medium,False,events/acm_india_winter_school_2024_at_da_iict.md,CRLF_ENCODING | HEADING_MISSING,https://www.daiict.ac.in/events/6578,web
medium,False,events/annual_conference_of_ismmacs_and_the_international_conference_on_differential_eq.md,CRLF_ENCODING | HEADING_MISSING,https://www.daiict.ac.in/events/6907,web
medium,False,events/artificial_intelligence_in_internet_of_things_aiot_concepts_architectures_and_ha.md,CRLF_ENCODING | HEADING_MISSING,https://www.daiict.ac.in/events/7078,web
medium,False,events/astronight_2025_a_captivating_journey_into_astrophotography.md,CRLF_ENCODING | HEADING_MISSING | CHUNK_OVERFLOW,https://www.daiict.ac.in/events/6622,web
medium,False,events/book_talk_by_dr_janaki_srinivasan_iiit_bangalore_about_her_recent_book_the_polit.md,CRLF_ENCODING | HEADING_MISSING,https://www.daiict.ac.in/events/6367,web
medium,False,events/caldam_2023.md,CRLF_ENCODING | HEADING_MISSING,https://www.daiict.ac.in/events/5390,web
medium,False,events/celebrating_25_years_dau_s_silver_jubilee_sports_day_event.md,HEADING_MISSING,https://www.daiict.ac.in/news/6932,web
medium,False,events/concours_2025_a_celebration_of_sports_and_spirit_at_dhirubhai_ambani_university.md,HEADING_MISSING | CHUNK_OVERFLOW,https://www.daiict.ac.in/news/6942,web
medium,False,events/conference_on_topics_in_complex_systems.md,CRLF_ENCODING | HEADING_MISSING,https://www.daiict.ac.in/events/6524,web
medium,False,events/convocations/convocation_18th.md,CRLF_ENCODING | HEADING_MISSING | CHUNK_OVERFLOW,https://www.daiict.ac.in/da-iict-18th-convocation,web
medium,False,events/convocations/convocation_19th.md,CRLF_ENCODING | HEADING_MISSING | CHUNK_OVERFLOW,https://www.daiict.ac.in/da-iict-19th-convocation,web
medium,False,events/convocations/convocation_20th.md,CRLF_ENCODING | HEADING_MISSING | CHUNK_OVERFLOW,https://www.daiict.ac.in/20th-convocation-dhirubhai-ambani-university,web
medium,False,events/convocations/da_iict_19th_convocation.md,CRLF_ENCODING | HEADING_MISSING | CHUNK_OVERFLOW,https://www.daiict.ac.in/events/6576,web
medium,False,events/da_iict_proudly_celebrated_the_78th_independence_day_with_a_flag_hoisting_ceremo.md,CRLF_ENCODING | HEADING_MISSING,https://www.daiict.ac.in/events/6508,web
medium,False,events/da_iict_public_lecture_series.md,CRLF_ENCODING | HEADING_MISSING | CHUNK_OVERFLOW,https://www.daiict.ac.in/events/6518,web
medium,False,events/daiict_campus_bird_count.md,CRLF_ENCODING | HEADING_MISSING,https://www.daiict.ac.in/events/6181,web
medium,False,events/dau_celebrated_international_day_of_yoga_2025.md,HEADING_MISSING,https://www.daiict.ac.in/news/6815,web
medium,False,events/dau_celebrates_national_sports_day_on_the_theme_ek_ghanta_khel_ke_maidaan_mein_under_fit_india_mission.md,HEADING_MISSING | CHUNK_OVERFLOW,https://www.daiict.ac.in/news/6863,web
medium,False,events/dau_commemorates_the_5_year_milestone_of_nep_2020_with_events_on_indian_knowledg.md,CRLF_ENCODING | HEADING_MISSING | CHUNK_OVERFLOW,https://www.daiict.ac.in/events/6838,web
medium,False,events/dau_drives_innovation_for_a_sustainable_future_with_hackout_25.md,HEADING_MISSING | CHUNK_OVERFLOW,https://www.daiict.ac.in/news/6895,web
medium,False,events/dau_organised_symposium_on_pedagogies_in_engineering_education.md,HEADING_MISSING | CHUNK_OVERFLOW,https://www.daiict.ac.in/news/6928,web
medium,False,events/dau_organises_defence_innovation_challenge_event_with_indian_air_force_veteran.md,HEADING_MISSING,https://www.daiict.ac.in/news/6888,web
medium,False,events/dau_organises_orientation_programme_for_its_postgraduate_and_phd_students.md,HEADING_MISSING | CHUNK_OVERFLOW,https://www.daiict.ac.in/news/6835,web
medium,False,events/dau_organises_orientation_programme_for_its_undergraduate_students.md,HEADING_MISSING | CHUNK_OVERFLOW,https://www.daiict.ac.in/news/6859,web
medium,False,events/dau_silver_jubilee_celebrations_and_alumni_reunion_2025.md,HEADING_MISSING | CHUNK_OVERFLOW,https://www.daiict.ac.in/news/6953,web
medium,False,events/dau_to_organise_the_8th_international_conference_on_complex_dynamical_systems_an.md,CRLF_ENCODING | HEADING_MISSING,https://www.daiict.ac.in/events/6864,web
medium,False,events/e_cell_iit_kharagpur_and_dcei_fuel_gujarat_s_startup_culture_with_entrepreneurship_awareness_drive_2025.md,HEADING_MISSING | CHUNK_OVERFLOW,https://www.daiict.ac.in/news/6906,web
medium,False,events/expert_talk_visual_data_analytics_for_wide_area_motion_imagery.md,CRLF_ENCODING | HEADING_MISSING | CHUNK_OVERFLOW,https://www.daiict.ac.in/events/6623,web
medium,False,events/formal_methods_update_meeting_2025.md,CRLF_ENCODING | HEADING_MISSING,https://www.daiict.ac.in/events/6827,web
medium,False,events/from_good_to_great_transforming_potential_into_leadership.md,HEADING_MISSING,https://www.daiict.ac.in/news/6990,web
medium,False,events/glimpses_of_students_participating_in_the_anti_ragging_week.md,CRLF_ENCODING | HEADING_MISSING,https://www.daiict.ac.in/events/6509,web
medium,False,events/high_end_workshop_on_ai_ml_algorithms_and_applications_in_vlsi_design_and_techno.md,CRLF_ENCODING | HEADING_MISSING,https://www.daiict.ac.in/events/5644,web
medium,False,events/high_end_workshop_on_image_processing_and_its_applications_using_vlsi_architectu.md,CRLF_ENCODING | HEADING_MISSING,https://www.daiict.ac.in/events/5636,web
medium,False,events/ieee_lecture_series_on_2d_materials_for_nanoelectronics.md,CRLF_ENCODING | HEADING_MISSING,https://www.daiict.ac.in/events/6583,web
medium,False,events/ieee_student_branch_dau_organises_the_indgenius_ai_summit_2025.md,HEADING_MISSING | CHUNK_OVERFLOW,https://www.daiict.ac.in/news/6893,web
medium,False,events/inauguration_of_the_smart_energy_learning_centre_selc_dau_campus.md,CRLF_ENCODING | HEADING_MISSING,https://www.daiict.ac.in/events/6727,web
medium,False,events/infrastructure_lecture_complex.md,CRLF_ENCODING | HEADING_MISSING,https://www.daiict.ac.in/lecture-complex,web
medium,False,events/infrastructure_sports_complex.md,CRLF_ENCODING | HEADING_MISSING,https://www.daiict.ac.in/sports-complex,web
medium,False,events/ncm_atm_schools_mathematics_for_data_science_02_14_january_2023.md,CRLF_ENCODING | HEADING_MISSING,https://www.daiict.ac.in/events/5183,web
medium,False,events/nep_2020_university_level_sensitization_and_awareness_programme.md,CRLF_ENCODING | HEADING_MISSING,https://www.daiict.ac.in/events/6982,web
medium,False,events/one_day_interactive_workshop_on_design_thinking_and_the_business_of_ai.md,CRLF_ENCODING | HEADING_MISSING,https://www.daiict.ac.in/events/6732,web
medium,False,events/one_day_symposium_on_complex_systems.md,CRLF_ENCODING | HEADING_MISSING | CHUNK_OVERFLOW,https://www.daiict.ac.in/events/6533,web
medium,False,events/one_day_workshop_on_exploring_differential_equations_through_matlab_applications.md,CRLF_ENCODING | HEADING_MISSING,https://www.daiict.ac.in/events/6562,web
medium,False,events/panel_discussion_on_bouncing_back_the_art_of_resilience_by_psychology_cell_dau.md,HEADING_MISSING,https://www.daiict.ac.in/news/6862,web
medium,False,events/people_alumini_events_at_dau.md,CRLF_ENCODING | HEADING_MISSING,https://www.daiict.ac.in/events,web
medium,False,events/public_lecture_convergence_of_technologies_in_the_digital_world.md,CRLF_ENCODING | HEADING_MISSING,https://www.daiict.ac.in/events/6621,web
medium,False,events/public_lecture_human_history_and_culture_evolutionary_inferences_from_our_genome.md,CRLF_ENCODING | HEADING_MISSING | CHUNK_OVERFLOW,https://www.daiict.ac.in/events/6728,web
medium,False,events/public_lecture_on_claude_shannon.md,CRLF_ENCODING | HEADING_MISSING,https://www.daiict.ac.in/events/6501,web
medium,False,events/public_lecture_robots_that_learn_by_physically_interacting_with_their_surroundin.md,CRLF_ENCODING | HEADING_MISSING,https://www.daiict.ac.in/events/6323,web
medium,False,events/seminar_on_emerging_technologies_for_a_sustainable_and_intelligent_future.md,CRLF_ENCODING | HEADING_MISSING,https://www.daiict.ac.in/events/6995,web
medium,False,events/shaping_the_future_of_power_dau_hosts_panel_on_technology_adoption_in_the_power_sector.md,HEADING_MISSING | CHUNK_OVERFLOW,https://www.daiict.ac.in/news/6947,web
medium,False,events/she_plays_women_s_sports_day_2026_at_dau.md,HEADING_MISSING,https://www.daiict.ac.in/news/7067,web
medium,False,events/silver_jubilee_celebrations_and_alumni_reunion_honouring_25_years_of_excellence.md,CRLF_ENCODING | HEADING_MISSING,https://www.daiict.ac.in/events/6909,web
medium,False,events/silver_jubilee_seminar_at_dau_etsif_2026.md,HEADING_MISSING | CHUNK_OVERFLOW,https://www.daiict.ac.in/news/7070,web
medium,False,events/symposium_concept_note_debating_the_digital_transition_society_politics_culture.md,CRLF_ENCODING | HEADING_MISSING | CHUNK_OVERFLOW,https://www.daiict.ac.in/events/6368,web
medium,False,events/talk_on_manage_your_inner_world_for_a_better_future_at_dau.md,HEADING_MISSING,https://www.daiict.ac.in/news/6716,web
medium,False,events/tarang_2025_the_annual_navratri_celebration_at_dhirubhai_ambani_university.md,HEADING_MISSING,https://www.daiict.ac.in/news/6905,web
medium,False,events/the_ieee_smart_village_symposium_an_international_conference.md,CRLF_ENCODING | HEADING_MISSING,https://www.daiict.ac.in/events/6532,web
medium,False,events/the_institute_felicitated_for_organizing_blood_donation_drives.md,HEADING_MISSING,https://www.daiict.ac.in/news/6432,web
medium,False,events/three_day_workshop_on_design_thinking_and_ai.md,HEADING_MISSING,https://www.daiict.ac.in/news/6580,web
medium,False,events/winter_school_on_ai_infused_software_engineering_research_and_practice_aise_7_10.md,CRLF_ENCODING | HEADING_MISSING,https://www.daiict.ac.in/events/6858,web
medium,False,events/workshop_on_tensor_computation_and_optimization_with_applications_in_data_science.md,HEADING_MISSING,https://www.daiict.ac.in/news/6931,web
medium,False,events/workshops/workshop_on_arduino_and_fpga_based_embedded_system_design.md,CRLF_ENCODING | HEADING_MISSING,https://www.daiict.ac.in/events/6760,web
medium,False,events/workshops/workshop_on_artificial_intelligence_and_its_applications_in_vlsi_design_and_tech.md,CRLF_ENCODING | HEADING_MISSING | CHUNK_OVERFLOW,https://www.daiict.ac.in/events/6411,web
medium,False,events/workshops/workshop_on_data_analysis_using_python.md,CRLF_ENCODING | HEADING_MISSING | CHUNK_OVERFLOW,https://www.daiict.ac.in/events/6412,web
medium,False,events/workshops/workshop_on_deep_learning_and_artificial_intelligence_principles_amp_practice_at.md,CRLF_ENCODING | HEADING_MISSING | CHUNK_OVERFLOW,https://www.daiict.ac.in/events/7038,web
medium,False,events/workshops/workshop_on_deep_learning_and_artificial_intelligence_principles_and_practice_dl.md,CRLF_ENCODING | HEADING_MISSING,https://www.daiict.ac.in/events/6972,web
medium,False,events/workshops/workshop_on_rtl_to_gds_ii_vlsi_design_and_hardware_security_for_trusted_memory_s.md,CRLF_ENCODING | HEADING_MISSING,https://www.daiict.ac.in/events/7059,web
medium,False,events/workshops/workshop_on_speech_and_audio_signal_processing_using_fpga.md,CRLF_ENCODING | HEADING_MISSING,https://www.daiict.ac.in/events/6759,web
medium,False,events/workshops/workshop_on_tensor_computation_and_optimization_with_applications_in_data_scienc.md,CRLF_ENCODING | HEADING_MISSING,https://www.daiict.ac.in/events/6921,web
medium,False,faculty/adjunct/adjunct_faculty_anjan_ghosh.md,CHUNK_OVERFLOW,https://www.daiict.ac.in/adjunct-faculty/anjan-ghosh,web
medium,False,faculty/adjunct/adjunct_faculty_deepak_ghodgaonkar.md,CHUNK_OVERFLOW,https://www.daiict.ac.in/adjunct-faculty/deepak-ghodgaonkar,web
medium,False,faculty/adjunct/adjunct_faculty_gangeya_m.md,CHUNK_OVERFLOW,https://www.daiict.ac.in/adjunct-faculty/gangeya-m,web
medium,False,faculty/adjunct/adjunct_faculty_subhas_chandra_nandy.md,CHUNK_OVERFLOW,https://www.daiict.ac.in/adjunct-faculty/subhas-chandra-nandy,web
medium,False,faculty/daiict_ac_in_sites_default_files_other_files_faculty_entrepreneurship_policy_pdf.md,CHUNK_OVERFLOW,https://www.daiict.ac.in/sites/default/files/other-files/Faculty-Entrepreneurship-Policy.pdf,PDF
medium,False,faculty/daiict_ac_in_sites_default_files_other_files_faculty_handbook_pdf.md,CHUNK_OVERFLOW,https://www.daiict.ac.in/sites/default/files/other-files/Faculty-Handbook.pdf,PDF
medium,False,faculty/faculty_tenure_v2.md,CHUNK_OVERFLOW,https://www.daiict.ac.in/faculty-tenure,web
medium,False,faculty/international_adjunct/international_adjunct_faculty_anil_maheshwari.md,CHUNK_OVERFLOW,https://www.daiict.ac.in/adjunct-faculty-international/anil-maheshwari,web
medium,False,faculty/international_adjunct/intl_adjunct_faculty_anil_maheshwari.md,CHUNK_OVERFLOW,https://www.daiict.ac.in/adjunct-faculty-international/anil-maheshwari,web
medium,False,faculty/professor_of_practice/prof_of_practice_harpreet_singh_jattana.md,CHUNK_OVERFLOW,https://www.daiict.ac.in/professor-practice/harpreet-singh-jattana,web
medium,False,faculty/professor_of_practice/professor_of_practice_harpreet_singh_jattana.md,CHUNK_OVERFLOW,https://www.daiict.ac.in/professor-practice/harpreet-singh-jattana,web
medium,False,faculty/regular/faculty_abhishek_jindal.md,CHUNK_OVERFLOW,https://www.daiict.ac.in/faculty/abhishek-jindal,web
medium,False,faculty/regular/faculty_ajay_beniwal.md,CHUNK_OVERFLOW,https://www.daiict.ac.in/faculty/ajay-beniwal,web
medium,False,faculty/regular/faculty_anil_roy.md,CHUNK_OVERFLOW,https://www.daiict.ac.in/faculty/anil-roy,web
medium,False,faculty/regular/faculty_anil_roy_on_leave.md,CHUNK_OVERFLOW,https://www.daiict.ac.in/faculty/anil-roy,web
medium,False,faculty/regular/faculty_anish_mathuria.md,CHUNK_OVERFLOW,https://www.daiict.ac.in/faculty/anish-mathuria,web
medium,False,faculty/regular/faculty_ankit_vijayvargiya.md,CHUNK_OVERFLOW,https://www.daiict.ac.in/faculty/ankit-vijayvargiya,web
medium,False,faculty/regular/faculty_anupam_rana.md,CHUNK_OVERFLOW,https://www.daiict.ac.in/faculty/anupam-rana,web
medium,False,faculty/regular/faculty_arpita_mal.md,CHUNK_OVERFLOW,https://www.daiict.ac.in/faculty/arpita-mal,web
medium,False,faculty/regular/faculty_arunava_chakravarty.md,CHUNK_OVERFLOW,https://www.daiict.ac.in/faculty/arunava-chakravarty,web
medium,False,faculty/regular/faculty_bharani_kollipara.md,CHUNK_OVERFLOW,https://www.daiict.ac.in/faculty/bharani-kollipara,web
medium,False,faculty/regular/faculty_bhaskar_chaudhury.md,CHUNK_OVERFLOW,https://www.daiict.ac.in/faculty/bhaskar-chaudhury,web
medium,False,faculty/regular/faculty_g_venkatesh.md,CHUNK_OVERFLOW,https://www.daiict.ac.in/faculty/g-venkatesh,web
medium,False,faculty/regular/faculty_gopinath_panda.md,CHUNK_OVERFLOW,https://www.daiict.ac.in/faculty/gopinath-panda,web
medium,False,faculty/regular/faculty_hemant_patil.md,CHUNK_OVERFLOW,https://www.daiict.ac.in/faculty/hemant-patil,web
medium,False,faculty/regular/faculty_list.md,CHUNK_OVERFLOW,https://www.daiict.ac.in/faculty,web
medium,False,faculty/regular/faculty_madhu_kant_sharma.md,CHUNK_OVERFLOW,https://www.daiict.ac.in/faculty/madhu-kant-sharma,web
medium,False,faculty/regular/faculty_manish_kumar.md,CHUNK_OVERFLOW,https://www.daiict.ac.in/faculty/manish-kumar,web
medium,False,faculty/regular/faculty_manjunath_v_joshi.md,CHUNK_OVERFLOW,https://www.daiict.ac.in/faculty/manjunath-v-joshi,web
medium,False,faculty/regular/faculty_pratim_roy.md,CHUNK_OVERFLOW,https://www.daiict.ac.in/faculty/pratim-roy,web
medium,False,faculty/regular/faculty_pritam_anand.md,CHUNK_OVERFLOW,https://www.daiict.ac.in/faculty/pritam-anand,web
medium,False,faculty/regular/faculty_profile_kalyan_sasidhar.md,HEADING_MISSING,https://www.daiict.ac.in/faculty/p-s-kalyan-sasidhar,web
medium,False,faculty/regular/faculty_pushpendra_kumar.md,CHUNK_OVERFLOW,https://www.daiict.ac.in/faculty/pushpendra-kumar,web
medium,False,faculty/regular/faculty_rahul_muthu.md,CHUNK_OVERFLOW,https://www.daiict.ac.in/faculty/rahul-muthu,web
medium,False,faculty/regular/faculty_ratna_bharati_bhamidipati.md,CHUNK_OVERFLOW,https://www.daiict.ac.in/faculty/ratna-bharati-bhamidipati,web
medium,False,faculty/regular/faculty_rutu_parekh.md,CHUNK_OVERFLOW,https://www.daiict.ac.in/faculty/rutu-parekh,web
medium,False,faculty/regular/faculty_sandeep_sharma.md,CHUNK_OVERFLOW,https://www.daiict.ac.in/faculty/sandeep-sharma,web
medium,False,faculty/regular/faculty_saurabh_tiwari.md,CHUNK_OVERFLOW,https://www.daiict.ac.in/faculty/saurabh-tiwari,web
medium,False,faculty/regular/faculty_srimanta_mandal.md,CHUNK_OVERFLOW,https://www.daiict.ac.in/faculty/srimanta-mandal,web
medium,False,faculty/regular/faculty_sudip_bera.md,CHUNK_OVERFLOW,https://www.daiict.ac.in/faculty/sudip-bera,web
medium,False,faculty/regular/faculty_sunitha_v.md,CHUNK_OVERFLOW,https://www.daiict.ac.in/faculty/sunitha-v,web
medium,False,faculty/regular/faculty_supantha_pandit.md,CHUNK_OVERFLOW,https://www.daiict.ac.in/faculty/supantha-pandit,web
medium,False,faculty/regular/faculty_tapas_kumar_maiti.md,CHUNK_OVERFLOW,https://www.daiict.ac.in/faculty/tapas-kumar-maiti,web
medium,False,faculty/regular/faculty_tathagata_bandyopadhyay.md,CHUNK_OVERFLOW,https://www.daiict.ac.in/faculty/tathagata-bandyopadhyay,web
medium,False,faculty/regular/faculty_vinay_palaparthy.md,CHUNK_OVERFLOW,https://www.daiict.ac.in/faculty/vinay-palaparthy,web
medium,False,faculty/regular/faculty_yash_agrawal.md,CHUNK_OVERFLOW,https://www.daiict.ac.in/faculty/yash-agrawal,web
medium,False,faculty/staff_list.md,CHUNK_OVERFLOW,https://www.daiict.ac.in/staff,web
medium,False,governance/dean_academic_programs.md,CHUNK_OVERFLOW,https://www.daiict.ac.in/dean-academic-programs,web
medium,False,infrastructure/halls_of_residence_v2.md,CHUNK_OVERFLOW,https://www.daiict.ac.in/halls-residence,web
medium,False,infrastructure/ict_infrastructure.md,CHUNK_OVERFLOW,https://www.daiict.ac.in/ict-infrastructure,web
medium,False,infrastructure/resource_centre.md,CHUNK_OVERFLOW,https://www.daiict.ac.in/resource-centre,web
medium,False,news_articles/news_6854.md,HEADING_MISSING,https://www.daiict.ac.in/news/6854,web
medium,False,notices/important_notice.md,HEADING_MISSING,https://www.daiict.ac.in/important-notice,web
medium,False,placements/da_iict_extends_its_record_of_excellent_placements_google_opens_the_drive_for_the_first_time.md,CHUNK_OVERFLOW,https://www.daiict.ac.in/da-iict-extends-its-record-excellent-placements-google-opens-drive-first-time,web
medium,False,placements/daiict_ac_in_sites_default_files_other_files_placement_brochure_2025_26_pdf.md,CHUNK_OVERFLOW,https://www.daiict.ac.in/sites/default/files/other-files/Placement-Brochure_2025-26.pdf,PDF
medium,False,placements/placement_statistics_2025_26_v2.md,CHUNK_OVERFLOW,Placement-Brochure_2025-26.pdf,web
medium,False,policies/alumni_data_privacy_policy.md,CHUNK_OVERFLOW,https://www.daiict.ac.in/alumni/data-privacy-policy,web
medium,False,policies/daiict_ac_in_grievance_redressal_cell.md,CHUNK_OVERFLOW,https://daiict.ac.in/grievance-redressal-cell,web
medium,False,policies/daiict_ac_in_sites_default_files_other_files_anti_ragging_committee_2025_26_1808.md,CHUNK_OVERFLOW,https://www.daiict.ac.in/sites/default/files/other-files/Anti-Ragging-Committee_2025-26-18082025.pdf,PDF
medium,False,policies/daiict_ac_in_sites_default_files_other_files_disciplinary_guidelines_for_student.md,CHUNK_OVERFLOW,https://www.daiict.ac.in/sites/default/files/other-files/Disciplinary_guidelines_for_students_2024.pdf,PDF
medium,False,policies/daiict_ac_in_sites_default_files_other_files_policy_20of_20incentives_20for_20re.md,CHUNK_OVERFLOW,https://www.daiict.ac.in/sites/default/files/other-files/Policy%20of%20Incentives%20for%20Research.pdf,PDF
medium,False,policies/daiict_ac_in_sites_default_files_other_files_policy_on_faculty_research_publicat.md,CHUNK_OVERFLOW,https://www.daiict.ac.in/sites/default/files/other-files/Policy-on-Faculty-Research-Publication-Incentive.pdf,PDF
medium,False,policies/daiict_ac_in_sites_default_files_other_files_policy_on_institute_thematic_resear.md,CHUNK_OVERFLOW,https://www.daiict.ac.in/sites/default/files/other-files/Policy_on_Institute_Thematic_Research_Areas-Apr_2026.pdf,PDF
medium,False,policies/daiict_ac_in_sites_default_files_other_files_policy_on_internship_for_sponsored_.md,CHUNK_OVERFLOW,https://www.daiict.ac.in/sites/default/files/other-files/Policy-on-Internship-for-Sponsored-Projects.pdf,PDF
medium,False,policies/daiict_ac_in_sites_default_files_other_files_policy_on_phd_students_travel_and_r.md,CHUNK_OVERFLOW,https://www.daiict.ac.in/sites/default/files/other-files/Policy-on-PhD-Students-Travel-and-Research-Development-Allowance.pdf,PDF
medium,False,policies/daiict_ac_in_sites_default_files_other_files_policy_on_sop_for_event_organizatio.md,CHUNK_OVERFLOW,https://www.daiict.ac.in/sites/default/files/other-files/Policy-on_SOP_for_Event_Organization-Apr_2026.pdf,PDF
medium,False,policies/daiict_ac_in_sites_default_files_other_files_policy_on_the_sponsored_projects_23.md,CHUNK_OVERFLOW,https://www.daiict.ac.in/sites/default/files/other-files/Policy-on-the_Sponsored-Projects-23.5.24.pdf,PDF
medium,False,policies/daiict_ac_in_sites_default_files_other_files_policy_student_research_excellence_.md,CHUNK_OVERFLOW,https://www.daiict.ac.in/sites/default/files/other-files/Policy_Student-Research-Excellence-VER_1.pdf,PDF
medium,False,policies/daiict_ac_in_sites_default_files_other_files_sop_healthcare_facilities_and_medic.md,CHUNK_OVERFLOW,https://daiict.ac.in/sites/default/files/other-files/SOP-Healthcare-Facilities-and-Medical-Emergencies.pdf,PDF
medium,False,policies/policies.md,HEADING_MISSING | CHUNK_OVERFLOW,https://www.daiict.ac.in/policies,web
medium,False,research/accomplishments.md,CHUNK_OVERFLOW,https://www.daiict.ac.in/accomplishments,web
medium,False,research/daiict_ac_in_sites_default_files_other_files_coffee_table_booklet_pdf.md,CHUNK_OVERFLOW,https://www.daiict.ac.in/sites/default/files/other-files/Coffee-Table-Booklet.pdf,PDF
medium,False,research/daiict_ac_in_sites_default_files_other_files_cpda_policy_pdf.md,CHUNK_OVERFLOW,https://www.daiict.ac.in/sites/default/files/other-files/CPDA_Policy.pdf,PDF
medium,False,research/daiict_ac_in_sites_default_files_other_files_da_iict_irb_policy_and_other_detail.md,CHUNK_OVERFLOW,https://www.daiict.ac.in/sites/default/files/other-files/DA-IICT_IRB_Policy_and-Other-Details.pdf,PDF
medium,False,research/daiict_ac_in_sites_default_files_other_files_institute_early_career_research_fel.md,CHUNK_OVERFLOW,https://www.daiict.ac.in/sites/default/files/other-files/Institute-Early-Career-Research-Fellow-Policy.pdf,PDF
medium,False,research/daiict_ac_in_sites_default_files_other_files_seed_grant_policy_2025_pdf.md,CHUNK_OVERFLOW,https://www.daiict.ac.in/sites/default/files/other-files/Seed-grant-policy_2025.pdf,PDF
medium,False,research/daiict_ac_in_sites_default_files_other_files_summer_research_internship_policy_d.md,CHUNK_OVERFLOW,https://www.daiict.ac.in/sites/default/files/other-files/Summer-Research-Internship-Policy_DAU.pdf,PDF
medium,False,research/daiict_ac_in_themes_daiict_images_irb_application_form_template_docx.md,CHUNK_OVERFLOW,https://www.daiict.ac.in/themes/daiict/images/IRB-application-form-template.docx,DOCX
medium,False,research/dau_student_research_excellence_award.md,HEADING_MISSING | CHUNK_OVERFLOW,https://www.daiict.ac.in/dau-student-research-excellence-award,web
medium,False,research/faculty_research_publication_incentive.md,CHUNK_OVERFLOW,https://www.daiict.ac.in/faculty-research-publication-incentive,web
medium,False,research/outreach_and_contributions.md,HEADING_MISSING | CHUNK_OVERFLOW,https://www.daiict.ac.in/outreach-and-contributions,web
medium,False,research/prior_years_faculty_accomplishments.md,CHUNK_OVERFLOW,https://www.daiict.ac.in/prior-years-faculty-accomplishments,web
medium,False,research/research_areas/physics_and_mathematical_sciences.md,CHUNK_OVERFLOW,https://www.daiict.ac.in/physics-and-mathematical-sciences,web
medium,False,research/research_areas/software_systems_and_networking.md,CHUNK_OVERFLOW,https://www.daiict.ac.in/software-systems-and-networking-0,web
medium,False,research/research_article_co_authored_by_dr_miral_shah_and_prof_bhaskar_chaudhury_published_in_the_scientific_reports_journal.md,HEADING_MISSING,https://www.daiict.ac.in/news/6039,web
medium,False,research/research_dean_s_office.md,CHUNK_OVERFLOW,https://www.daiict.ac.in/deans-office-0,web
medium,False,research/research_notewothy_contributions_accomplishments_prior_years.md,CRLF_ENCODING | HEADING_MISSING | CHUNK_OVERFLOW,https://www.daiict.ac.in/prior-years-faculty-accomplishments,web
medium,False,research/research_overview.md,CHUNK_OVERFLOW,https://www.daiict.ac.in/research-overview,web
medium,False,research/special_session_on_adversarial_machine_learning_in_vision_speech_and_text_at_the_international_conference_on_machine_vision_2024_october_10_13_2024_edinburgh_uk.md,HEADING_MISSING | CHUNK_OVERFLOW,https://www.daiict.ac.in/news/6461,web
medium,False,research/sponsored_research_projects.md,CHUNK_OVERFLOW,https://www.daiict.ac.in/sponsored-projects,web
medium,False,research/summer_research_internship_at_dau.md,CHUNK_OVERFLOW,https://www.daiict.ac.in/summer-research-internship-dau,web
medium,False,student_services/academic_calendar.md,CHUNK_OVERFLOW,https://daiict.ac.in/academic-calendar,web
medium,False,student_services/admissions.md,HEADING_MISSING | CHUNK_OVERFLOW,https://daiict.ac.in/admissions,web
medium,False,student_services/alumni/alumni_id_card_application.md,CHUNK_OVERFLOW,https://forms.gle/ybqqfjP5rer3KcnN6,web
medium,False,student_services/committees/entrepreneurship_cell.md,CHUNK_OVERFLOW,http://ceid.daiict.ac.in/,web
medium,False,student_services/committees/ieee_student_branch.md,HEADING_MISSING,https://www.daiict.ac.in/ieee-student-branch,web
medium,False,student_services/contact/contact_us.md,HEADING_MISSING | CHUNK_OVERFLOW,https://www.daiict.ac.in/contact-0,web
medium,False,student_services/daiict_ac_in_sites_default_files_other_files_hostel_rules_and_regulations_pdf.md,CHUNK_OVERFLOW,https://daiict.ac.in/sites/default/files/other-files/Hostel-Rules-and-Regulations.pdf,PDF
medium,False,student_services/dean_students_v2.md,CHUNK_OVERFLOW,https://www.daiict.ac.in/dean-students,web
medium,False,student_services/first_year_in_campus.md,CHUNK_OVERFLOW,https://daiict.ac.in/first-year-campus,web
medium,False,student_services/holiday_list_2026.md,CHUNK_OVERFLOW,https://daiict.ac.in/sites/default/files/other-files/DAU_Holiday-List-2026.pdf,PDF
medium,False,student_services/parents.md,HEADING_MISSING,https://www.daiict.ac.in/parents,web
medium,False,student_services/placements.md,HEADING_MISSING | CHUNK_OVERFLOW,https://daiict.ac.in/placements,web
medium,False,student_services/programs_of_study.md,CHUNK_OVERFLOW,https://daiict.ac.in/programs-of-study,web
medium,False,student_services/students_tab.md,CHUNK_OVERFLOW,https://daiict.ac.in/#tab-4,web
low,False,achievements/aayush_raval_is_a_b_tech_first_year_student_who_chose_aiesec_global_volunteer_ex.md,CRLF_ENCODING,https://www.daiict.ac.in/achievements/1052,web
low,False,achievements/abhijeet_ghodgaonkar_got_2nd_rank_on_multiple_blind_folded_category_in_the_cubin.md,CRLF_ENCODING,https://www.daiict.ac.in/achievements/1054,web
low,False,achievements/achievements_3444.md,CRLF_ENCODING,https://www.daiict.ac.in/achievements/3444,web
low,False,achievements/an_achievement_of_recent_b_tech_graduate_chaitanya_sheth.md,CRLF_ENCODING,https://www.daiict.ac.in/achievements/6913,web
low,False,achievements/an_achievement_of_recent_b_tech_graduates_shashank_upadhyay_and_natvar_prajapati.md,CRLF_ENCODING,https://www.daiict.ac.in/achievements/6914,web
low,False,achievements/da_iict_team_selected_for_level_i_ideation_to_level_ii_proof_of_concept_of_india.md,CRLF_ENCODING,https://www.daiict.ac.in/achievements/5595,web
low,False,achievements/in_a_recent_competition_held_on_hackerrank_to_determine_the_best_universities_in.md,CRLF_ENCODING,https://www.daiict.ac.in/achievements/999,web
low,False,achievements/microsoft_student_partner_msp_2017_18_from_da_iict.md,CRLF_ENCODING,https://www.daiict.ac.in/achievements/1055,web
low,False,achievements/ms_jinal_parikh_b_tech_student_is_selected_as_google_women_techmakers_scholar_20.md,CRLF_ENCODING,https://www.daiict.ac.in/achievements/1056,web
low,False,achievements/phd_scholar_madhvi_ramrakhiyani_has_recently_won_the_best_poster_presentation_aw.md,CRLF_ENCODING,https://www.daiict.ac.in/achievements/6625,web
low,False,achievements/phd_student_mr_nirmesh_j_shah_gets_travel_grant.md,CRLF_ENCODING,https://www.daiict.ac.in/achievements/1050,web
low,False,achievements/rahul_saranjame_b_tech_4th_year_bagged_the_global_leadership_award_at_the_pdpu_m.md,CRLF_ENCODING,https://www.daiict.ac.in/achievements/1009,web
low,False,achievements/reliance_foundation_scholarship.md,CRLF_ENCODING,https://www.daiict.ac.in/achievements/6037,web
low,False,achievements/research_paper_titled_accelerated_fluid_simulation_of_low_temperature_plasmas_on.md,CRLF_ENCODING,https://www.daiict.ac.in/achievements/1000,web
low,False,achievements/students_achievements.md,CRLF_ENCODING,https://www.daiict.ac.in/achievements,web
low,False,achievements/team_fruitsalad_of_our_college_has_qualified_for_acm_icpc_world_finals.md,CRLF_ENCODING,https://www.daiict.ac.in/achievements/1010,web
low,False,achievements/three_teams_from_da_iict_took_part_in_the_ingenious_hackathon_organised_at_ahmed.md,CRLF_ENCODING,https://www.daiict.ac.in/achievements/1057,web
low,False,achievements/triumph_at_cyphyss_2023_summit.md,CRLF_ENCODING,https://www.daiict.ac.in/achievements/5721,web
low,False,achievements/vandana_ravindran_a_ph_d_student_at_da_iict_successfully_defended_her_thesis_on.md,CRLF_ENCODING,https://www.daiict.ac.in/achievements/1051,web
low,False,achievements/yash_kumar_b_tech_3rd_year_and_karan_thakkar_b_tech_3rd_year_secured_runners_up.md,CRLF_ENCODING,https://www.daiict.ac.in/achievements/1008,web
low,False,events/an_exclusive_talk_on_scope_of_agri_tech_startups_at_dau.md,CRLF_ENCODING,https://www.daiict.ac.in/events/6626,web
low,False,events/bird_stories_classification_conservation_and_communication_design_seminar.md,CRLF_ENCODING,https://www.daiict.ac.in/events/6254,web
low,False,events/celebrate_international_yoga_day_at_dau.md,CRLF_ENCODING,https://www.daiict.ac.in/events/6811,web
low,False,events/convocations/da_iict_18th_convocation_announcement.md,CRLF_ENCODING,https://www.daiict.ac.in/events/6058,web
low,False,events/dau_alumni_reconnect_and_reunion.md,CRLF_ENCODING,https://www.daiict.ac.in/events/6731,web
low,False,events/dau_to_organise_alumni_meet_2026_gandhinagar_ahmedabad_chapter.md,CRLF_ENCODING,https://www.daiict.ac.in/events/7055,web
low,False,events/dau_to_organize_a_symposium_on_pedagogies_in_engineering_education.md,CRLF_ENCODING,https://www.daiict.ac.in/events/6920,web
low,False,events/faculty_staff_sports_gathering.md,CRLF_ENCODING,https://www.daiict.ac.in/events/6167,web
low,False,events/institute_public_lecture_series_talk.md,CRLF_ENCODING,https://www.daiict.ac.in/events/6540,web
low,False,events/intellectual_property_rights_returns_2023.md,CRLF_ENCODING,https://www.daiict.ac.in/events/5524,web
low,False,events/itss_workshop_at_da_iict.md,CRLF_ENCODING,https://www.daiict.ac.in/events/6286,web
low,False,events/join_us_for_a_public_lecture_by_prof_dhruv_raina.md,CRLF_ENCODING,https://www.daiict.ac.in/events/6205,web
low,False,events/join_us_for_the_worldquant_brain_international_quant_championship_2025_iqc_works.md,CRLF_ENCODING,https://www.daiict.ac.in/events/6704,web
low,False,events/one_day_workshop_on_5g_and_beyond_5g_wireless_technologies.md,CRLF_ENCODING,https://www.daiict.ac.in/events/5994,web
low,False,events/public_lecture_on_optimization_theory_and_practice.md,CRLF_ENCODING,https://www.daiict.ac.in/events/6256,web
low,False,events/summer_school_on_speech_signal_processing_s4p_july_05_09_2025.md,CRLF_ENCODING,https://www.daiict.ac.in/events/6620,web
low,False,events/teachers_enrichment_workshop_tew_on_ordinary_differential_equations_dynamical_sy.md,CRLF_ENCODING,https://www.daiict.ac.in/events/6525,web
low,False,events/two_day_workshop_on_ai_engineering_bootcamp_2026.md,CRLF_ENCODING,https://www.daiict.ac.in/events/7069,web
low,False,events/two_day_workshop_on_design_thinking_for_innovation_and_entrepreneurship.md,CRLF_ENCODING,https://www.daiict.ac.in/events/6971,web
low,False,events/workshops/workshop_on_digital_psychology_harnessing_smartphone_mediated_tools_to_assess_me.md,CRLF_ENCODING,https://www.daiict.ac.in/events/6218,web
low,False,placements/iprs_report_2025_26.md,CRLF_ENCODING,iprs_report_2025_26.md,web
ok,False,academics/5.Academic_requirements_BTech_MnC_wef_2020-21_v2.md,,https://daiict.ac.in/,web
ok,False,academics/academic_areas.md,,https://www.daiict.ac.in/academic-areas,web
ok,False,academics/academic_calendar/academic_calendar_2026_27_v2.md,,https://daiict.ac.in/,web
ok,False,academics/academic_handbook_v2.md,,https://daiict.ac.in/,web
ok,False,academics/academic_policy_student.md,,https://intranet.daiict.ac.in/academics/DA-IICT_Student Code of Conduct and DAC Guidelines.pdf,PDF
ok,False,academics/academic_policy_vehicle_rules_for_students.md,,https://intranet.daiict.ac.in/academics/DA-IICT_Vehicle Rules for Students.pdf,PDF
ok,False,academics/accreditation/iqac_v2.md,,https://daiict.ac.in/iqac,web
ok,False,academics/careers/careers_creche_supervisor_v2.md,,https://www.daiict.ac.in/creche-supervisor,web
ok,False,academics/careers/careers_faculty_position_communication_design_v2.md,,https://www.daiict.ac.in/faculty-positions-communication-design,web
ok,False,academics/careers/careers_faculty_position_computer_science_v2.md,,https://www.daiict.ac.in/faculty-positions-computer-science,web
ok,False,academics/careers/careers_faculty_position_data_science_v2.md,,https://www.daiict.ac.in/faculty-positions-data-science,web
ok,False,academics/careers/careers_faculty_position_electronics_and_vlsi_v2.md,,https://www.daiict.ac.in/faculty-positions-electronics-and-vlsi-design,web
ok,False,academics/careers/careers_faculty_position_humanities_social_sciences_v2.md,,https://www.daiict.ac.in/faculty-positions-humanities-and-social-sciences,web
ok,False,academics/careers/careers_faculty_position_mathematics_statistics_v2.md,,https://www.daiict.ac.in/faculty-positions-mathematics-statistics,web
ok,False,academics/careers/careers_faculty_tenure_v2.md,,https://www.daiict.ac.in/faculty-tenure,web
ok,False,academics/careers/careers_teaching_fellow_application_v2.md,,https://forms.gle/uz2z4RWWtkRJW8ZE6,web
ok,False,academics/careers/careers_teaching_fellow_positions_v2.md,,https://www.daiict.ac.in/teaching-fellow-positions-open-dau,web
ok,False,academics/course_catalog_v2.md,,https://daiict.ac.in/,web
ok,False,academics/course_policy_ie407_internet_of_things_autumn_2025_page_214.md,,https://intranet.daiict.ac.in/academics/Course_Booklet_for_Autumn_2025-26.pdf,PDF
ok,False,academics/course_policy_it580_advanced_algorithms_autumn_2025.md,,https://intranet.daiict.ac.in/academics/Course_Booklet_for_Autumn_2025-26.pdf,PDF
ok,False,academics/course_policy_lm741_electronic_design_lab_autumn_2025_page_91.md,,https://intranet.daiict.ac.in/academics/Course_Booklet_for_Autumn_2025-26.pdf,PDF
ok,False,academics/curriculum_guide_v2.md,,https://daiict.ac.in/,web
ok,False,academics/daiict_ac_in_sites_default_files_other_files_course_plan_proposal_under_cep_pdf.md,,https://www.daiict.ac.in/sites/default/files/other-files/Course-Plan-Proposal-under-CEP.pdf,PDF
ok,False,academics/dean_s_office.md,,https://www.daiict.ac.in/deans-office,web
ok,False,academics/examination_department.md,,https://www.daiict.ac.in/examination-department,web
ok,False,academics/grading_policy_v2.md,,https://daiict.ac.in/,web
ok,False,academics/leadership/director_general_v2.md,,https://daiict.ac.in/director,web
ok,False,academics/leadership/director_school_of_technology_v2.md,,https://www.daiict.ac.in/director-school-technology,web
ok,False,academics/leadership/executive_registrar_v2.md,,https://daiict.ac.in/executive-registrar,web
ok,False,academics/leadership/finance_committee_v2.md,,https://daiict.ac.in/finance-committee,web
ok,False,academics/leadership/founder_v2.md,,https://daiict.ac.in/founder,web
ok,False,academics/leadership/organogram_v2.md,,https://daiict.ac.in/organogram,web
ok,False,academics/leadership/president_v2.md,,https://daiict.ac.in/president,web
ok,False,academics/procurement/e_procurements_v2.md,,https://www.daiict.ac.in/da-iict-e-procurements,web
ok,False,academics/program_regulations_v2.md,,https://daiict.ac.in/,web
ok,False,academics/programs_of_study/doctoral_program/doctoral_program.md,,https://www.daiict.ac.in/programs-of-study,web
ok,False,academics/programs_of_study/doctoral_program/phd.md,,https://www.daiict.ac.in/phd,web
ok,False,academics/programs_of_study/dual_degree_programs/bs_ms_data_science_artificial_intelligence.md,,https://www.daiict.ac.in/bs-ms-data-science-artificial-intelligence,web
ok,False,academics/programs_of_study/dual_degree_programs/dual_degree_programs.md,,https://www.daiict.ac.in/programs-of-study,web
ok,False,academics/programs_of_study/postgraduate_programs/msc_data_science.md,,https://www.daiict.ac.in/msc-data-science,web
ok,False,academics/programs_of_study/postgraduate_programs/postgraduate_programs.md,,https://www.daiict.ac.in/programs-of-study,web
ok,False,academics/programs_of_study/undergraduate_programs/btech_ece_ai.md,,https://www.daiict.ac.in/btech-ece-ai,web
ok,False,academics/programs_of_study/undergraduate_programs/btech_ict.md,,https://www.daiict.ac.in/btech-ict,web
ok,False,achievements/acm_sigapp_stap_grant.md,,https://www.daiict.ac.in/news/419,web
ok,False,achievements/all_india_rank_2_among_all_private_universities_in_iirf_2025.md,,https://www.daiict.ac.in/news/6805,web
ok,False,achievements/an_achievement_of_our_phd_student.md,,https://www.daiict.ac.in/news/4270,web
ok,False,achievements/anery_patel_secretary_ieee_ias_student_branch_chapter_btech_3rd_year_and_raksha.md,,https://www.daiict.ac.in/achievements/689,web
ok,False,achievements/bishesh_oram_b_tech_2nd_year_received_a_special_mention_in_the_ecofin_of_the_hlc.md,,https://www.daiict.ac.in/achievements/1016,web
ok,False,achievements/da_iict_has_been_accredited_with_a_grade_by_naac_national_assessment_and_accredi.md,,https://www.daiict.ac.in/achievements/1004,web
ok,False,achievements/dadc_da_iict_dance_club_bagged_second_prize_at_reprise17_the_techno_cultural_fes.md,,https://www.daiict.ac.in/achievements/1001,web
ok,False,achievements/daiict_2023_24_placement_two_students_bag_highest_package_of_rs_82_lakh.md,,https://www.daiict.ac.in/news/6207,web
ok,False,achievements/daiict_ac_in_sites_default_files_other_files_naac_accreditation_2023_pdf.md,,https://daiict.ac.in/sites/default/files/other-files/NAAC_Accreditation_2023.pdf,PDF
ok,False,achievements/daiict_team_comprising_of_ganeshsai_garikipati_roshani_anish_mathuria_and_priyan.md,,https://www.daiict.ac.in/achievements/690,web
ok,False,achievements/dau_features_in_the_gujarat_education_guide_published_by_the_indian_express_group.md,,https://www.daiict.ac.in/news/6703,web
ok,False,achievements/dau_gandhinagar_awarded_5_star_exemplary_status_by_fssai.md,,https://www.daiict.ac.in/news/6779,web
ok,False,achievements/dau_proud_alumni_achievement.md,,https://www.daiict.ac.in/news/6780,web
ok,False,achievements/dau_rated_best_engineering_institutes_2025.md,,https://www.daiict.ac.in/dhirubhai-ambani-university-rated-among-indias-best-engineering-institutes-2025,web
ok,False,achievements/divyakumar_solanki_chair_ieee_sb_da_iict_btech_4th_year_was_selected_to_attend_t.md,,https://www.daiict.ac.in/achievements/688,web
ok,False,achievements/dtg_da_iict_theatres_group_bagged_2nd_prize_in_street_play_competition_aahvaan_h.md,,https://www.daiict.ac.in/achievements/1005,web
ok,False,achievements/idea_selected_in_the_vlsid_2024_design_contest.md,,https://www.daiict.ac.in/news/5795,web
ok,False,achievements/keval_shah_b_tech_fourth_year_student_got_accepted_into_the_sc17_experiencing_hp.md,,https://www.daiict.ac.in/achievements/1048,web
ok,False,achievements/ms_malvika_singh_a_b_tech_2014_batch_student_has_been_selected_for_pennapps_xv_a.md,,https://www.daiict.ac.in/achievements/1002,web
ok,False,achievements/music_club_bagged_the_first_prize_in_the_livewire_battle_of_the_bands_event_at_s.md,,https://www.daiict.ac.in/achievements/1003,web
ok,False,achievements/neelanshi_varia_chair_ieee_ias_student_branch_chapter_btech_4th_year_and_siddhar.md,,https://www.daiict.ac.in/achievements/386,web
ok,False,achievements/prof_manish_k_gupta_has_been_appointed_as_ieee_computer_society_distinguished_visitor_for_2022_2024.md,,https://www.daiict.ac.in/news/4094,web
ok,False,achievements/rajat_garg_b_tech_3rd_year_at_jodhpur_and_winning_the_high_commendation_at_the_t.md,,https://www.daiict.ac.in/achievements/1006,web
ok,False,achievements/rajdeep_pinge_b_tech_4th_year_won_high_commendation_in_the_un_development_progra.md,,https://www.daiict.ac.in/achievements/1015,web
ok,False,achievements/roshan_shah_201501021_a_b_tech_4th_year_student_has_been_selected_to_pursue_his.md,,https://www.daiict.ac.in/achievements/383,web
ok,False,achievements/sumeet_varma_secured_3rd_rank_in_india_and_189th_rank_in_the_world_in_the_pre_fi.md,,https://www.daiict.ac.in/achievements/998,web
ok,False,achievements/tejasv_gupta_secured_398th_rank_in_the_world_in_the_pre_final_round_of_google_di.md,,https://www.daiict.ac.in/achievements/997,web
ok,False,achievements/this_prize_is_globally_awarded_to_the_student_branch_chapter_which_is_very_activ.md,,https://www.daiict.ac.in/achievements/382,web
ok,False,achievements/three_of_our_b_tech_students_abhin_kakkad_piyush_ajmeria_and_rajat_garg_are_sele.md,,https://www.daiict.ac.in/achievements/385,web
ok,False,administration/daiict_ac_in_sites_default_files_consultancyprojectdetail_xls.md,,https://www.daiict.ac.in/sites/default/files/ConsultancyProjectDetail.xls,Excel
ok,False,administration/daiict_ac_in_sites_default_files_enterpreneurship_xls.md,,https://www.daiict.ac.in/sites/default/files/Enterpreneurship.xls,Excel
ok,False,administration/daiict_ac_in_sites_default_files_other_files_180_kw_solar_roof_top_plant_t_c_pdf.md,,https://www.daiict.ac.in/sites/default/files/other-files/180_KW-Solar-Roof-Top-Plant_T-C.pdf,PDF
ok,False,administration/daiict_ac_in_sites_default_files_other_files_admin_parking_office_arrangement_el.md,,https://www.daiict.ac.in/sites/default/files/other-files/Admin-Parking-Office-Arrangement-Electrical_150525.pdf,PDF
ok,False,administration/daiict_ac_in_sites_default_files_other_files_admin_parking_office_arrangement_ma.md,,https://www.daiict.ac.in/sites/default/files/other-files/Admin-Parking-Office-Arrangement-Material-Specification_150525.pdf,PDF
ok,False,administration/daiict_ac_in_sites_default_files_other_files_admin_parking_offices_arrangement_l.md,,https://www.daiict.ac.in/sites/default/files/other-files/Admin-Parking-Offices-Arrangement-Layout_150525.pdf,PDF
ok,False,administration/daiict_ac_in_sites_default_files_other_files_admin_parking_offices_arrangement_t.md,,https://www.daiict.ac.in/sites/default/files/other-files/Admin-Parking-Offices-Arrangement_TandC_150525.pdf,PDF
ok,False,administration/daiict_ac_in_sites_default_files_other_files_aip_course_plan_proposal_pdf.md,,https://www.daiict.ac.in/sites/default/files/other-files/AIP-Course-Plan-Proposal.pdf,PDF
ok,False,administration/daiict_ac_in_sites_default_files_other_files_annual_report_2024_25_25326_pdf.md,,https://daiict.ac.in/sites/default/files/other-files/annual-report-2024-25-25326.pdf,PDF
ok,False,administration/daiict_ac_in_sites_default_files_other_files_closure_report_s4p_2025_pdf.md,,https://www.daiict.ac.in/sites/default/files/other-files/Closure-report-S4P-2025.pdf,PDF
ok,False,administration/daiict_ac_in_sites_default_files_other_files_da_iict_annual_report_2023_24_final.md,,https://daiict.ac.in/sites/default/files/other-files/DA-IICT_Annual-Report_2023-24_Final_2025.pdf,PDF
ok,False,administration/daiict_ac_in_sites_default_files_other_files_fssai_campus_certificate_daiict_202.md,,https://daiict.ac.in/sites/default/files/other-files/FSSAI-Campus-Certificate-DAIICT_2025.pdf,PDF
ok,False,administration/daiict_ac_in_sites_default_files_other_files_gsirf_2024_2025_certificate_pdf.md,,https://daiict.ac.in/sites/default/files/other-files/GSIRF_2024-2025_Certificate.pdf,PDF
ok,False,administration/daiict_ac_in_sites_default_files_other_files_gsirf_certificate_2023_pdf.md,,https://daiict.ac.in/sites/default/files/other-files/GSIRF-Certificate_2023.pdf,PDF
ok,False,administration/daiict_ac_in_sites_default_files_other_files_iirf_ranking_appeared_uder_universi.md,,https://www.daiict.ac.in/sites/default/files/other-files/IIRF_Ranking-appeared-uder-University-special-edition-of_Education-Post.pdf,PDF
ok,False,administration/daiict_ac_in_sites_default_files_other_files_naac_cycle_2_ssr_submitted_2023_pdf.md,,https://www.daiict.ac.in/sites/default/files/other-files/NAAC_Cycle-2_SSR_Submitted_2023.pdf,PDF
ok,False,administration/daiict_ac_in_sites_default_files_other_files_national_ragging_prevention_program.md,,https://www.daiict.ac.in/sites/default/files/other-files/NATIONAL-RAGGING-PREVENTION-PROGRAMME.pdf,PDF
ok,False,administration/daiict_ac_in_sites_default_files_other_files_tender_for_security_services_2026_2.md,,https://www.daiict.ac.in/sites/default/files/other-files/Tender-for-Security-Services_2026-27_V1_200326.pdf,PDF
ok,False,administration/daiict_ac_in_sites_default_files_other_files_tender_no_ee2526006_annex_5_dining_.md,,https://www.daiict.ac.in/sites/default/files/other-files/Tender-No-EE2526006-Annex-5-Dining-Washroom-Creche-Room-Drawing_26-09-25.pdf,PDF
ok,False,administration/daiict_ac_in_sites_default_files_other_files_tender_no_ee2526007_annex_5_drawing.md,,https://www.daiict.ac.in/sites/default/files/other-files/Tender-No-EE2526007-Annex-5-Drawing_Mess-Washroom_260925.pdf,PDF
ok,False,administration/daiict_ac_in_sites_default_files_other_files_tender_renovation_of_basketball_cou.md,,https://www.daiict.ac.in/sites/default/files/other-files/Tender-Renovation-of-Basketball-Courts_TandC_07-08-25.pdf,PDF
ok,False,administration/daiict_ac_in_sites_default_files_other_files_travel_policy_pdf.md,,https://www.daiict.ac.in/sites/default/files/other-files/Travel-Policy.pdf,PDF
ok,False,administration/daiict_ac_in_sites_default_files_other_files_washroom_facility_faculty_staff_din.md,,https://www.daiict.ac.in/sites/default/files/other-files/Washroom-facility-Faculty-Staff-Dining-Hall_Creche_Admin-Store-TandC_26-09-25.pdf,PDF
ok,False,administration/daiict_ac_in_sites_default_files_other_files_washroom_renovation_of_students_mes.md,,https://www.daiict.ac.in/sites/default/files/other-files/Washroom-renovation-of-Students-Mess_TandC_260925.pdf,PDF
ok,False,administration/daiict_ac_in_sites_default_files_pghigherstudies_xls.md,,https://www.daiict.ac.in/sites/default/files/PGHigherStudies.xls,Excel
ok,False,administration/daiict_ac_in_sites_default_files_pgplacement_xls.md,,https://www.daiict.ac.in/sites/default/files/PGPlacement.xls,Excel
ok,False,administration/daiict_ac_in_sites_default_files_sponsoredresearchdetail_1_xls.md,,https://www.daiict.ac.in/sites/default/files/SponsoredResearchDetail-1.xls,Excel
ok,False,administration/daiict_ac_in_sites_default_files_topuniversitydetails_3d_1_xls.md,,https://www.daiict.ac.in/sites/default/files/TopUniversityDetails_3D-1.xls,Excel
ok,False,administration/daiict_ac_in_sites_default_files_topuniversitydetails_5d_1_xls.md,,https://www.daiict.ac.in/sites/default/files/TopUniversityDetails_5D-1.xls,Excel
ok,False,administration/daiict_ac_in_sites_default_files_ughigherstudies_xls.md,,https://www.daiict.ac.in/sites/default/files/UGHigherStudies.xls,Excel
ok,False,administration/daiict_ac_in_sites_default_files_ugplacement_1_xls.md,,https://www.daiict.ac.in/sites/default/files/UGPlacement-1.xls,Excel
ok,False,administration/daiict_ac_in_table_2_grievance_redressal_authority_faculty.md,,https://www.daiict.ac.in/table-2-grievance-redressal-authority-faculty,web
ok,False,administration/daiict_ac_in_table_3_grievance_redressal_authority_staff.md,,https://www.daiict.ac.in/table-3-grievance-redressal-authority-staff,web
ok,False,administration/daiict_ac_in_themes_daiict_images_daiict_ar_2015_16_pdf.md,,https://daiict.ac.in/themes/daiict/images/DAIICT-AR-2015-16.pdf,PDF
ok,False,administration/daiict_ac_in_themes_daiict_images_daiict_ar_2016_17_pdf.md,,https://daiict.ac.in/themes/daiict/images/DAIICT-AR-2016-17.pdf,PDF
ok,False,administration/daiict_ac_in_themes_daiict_images_daiict_ar_2018_19_pdf.md,,https://daiict.ac.in/themes/daiict/images/DAIICT-AR-2018-19.pdf,PDF
ok,False,administration/daiict_ac_in_ugc_proforma.md,,https://www.daiict.ac.in/ugc-proforma,web
ok,False,administration/faculty_leave_policy_v2.md,,https://www.daiict.ac.in/administration,Web
ok,False,administration/international_students_policy_v2.md,,https://www.daiict.ac.in/admissions/international,Web
ok,False,administration/student_entrepreneurship_policy_v2.md,,https://www.daiict.ac.in/dcei,Web
ok,False,admissions/pg_admissions/admission_msc_data_science.md,,https://www.daiict.ac.in/admission-msc-data-science,web
ok,False,admissions/pg_admissions/admission_msc_it.md,,https://www.daiict.ac.in/admission-msc-it,web
ok,False,admissions/pg_admissions/admissions_mdes.md,,https://www.daiict.ac.in/admissions-mdes,web
ok,False,admissions/pg_admissions/admissions_msc_agriculture_analytics.md,,https://www.daiict.ac.in/admissions-msc-agriculture-analytics,web
ok,False,admissions/phd_admissions/admission_phd.md,,https://www.daiict.ac.in/admission-phd,web
ok,False,admissions/scholarships/bs_ms_institute_fellowships_at_dau.md,,https://www.daiict.ac.in/bs-ms-institute-fellowships-dau,web
ok,False,admissions/scholarships/cybage_khushboo_scholarships.md,,https://www.daiict.ac.in/ugpg-cybage-khushboo-scholarships,web
ok,False,admissions/scholarships/financial_assistant_by_govt_of_gujarat.md,,https://www.daiict.ac.in/financial-assistance-govt-gujarat,web
ok,False,admissions/scholarships/higher_education_support_trust_hest_scholarships.md,,https://www.daiict.ac.in/higher-education-support-trust-hest-scholarships,web
ok,False,admissions/scholarships/scholarships_offered_to_students.md,,https://www.daiict.ac.in/scholarships-offered-students,web
ok,False,admissions/ug_admissions/b_tech_faq.md,,https://www.daiict.ac.in/btech-faq,web
ok,False,admissions/ug_admissions/undergraduate_admissions_gujarat_category.md,,https://www.daiict.ac.in/undergraduate-admissions-gujarat-category,web
ok,False,admissions/why_choose_dau_formerly_da_iict.md,,https://www.daiict.ac.in/why-choose-da-iict,web
ok,False,announcements/daiict_ac_in_sites_default_files_news_file_spcom_best_paper_finalist_certificate.md,,https://www.daiict.ac.in/sites/default/files/news_file/SPCOM_best_paper_finalist_certificate.pdf,PDF
ok,False,announcements/dr_g_venkatesh_joins_director_school_technology.md,,https://www.daiict.ac.in/dr-g-venkatesh-joins-director-school-technology-dau,web
ok,False,announcements/postdoctoral_fellow_position_selc.md,,https://www.daiict.ac.in/node/7076,web
ok,False,announcements/prof_sc_sahasrabudhe_memoir.md,,https://www.daiict.ac.in/prof-sc-sahasrabudhe-memoir,web
ok,False,careers/advertisement_for_university_post_doctoral_fellows_position.md,,https://www.daiict.ac.in/advertisement-university-post-doctoral-fellows-position,web
ok,False,events/birth_anniversary_shri_dhirubhai_ambani.md,,https://www.daiict.ac.in/news/6087,web
ok,False,events/coffee_and_connect_with_alumni_mr_bhavesh_manglani_co_founder_of_delhivery.md,,https://www.daiict.ac.in/events/7061,web
ok,False,events/convocations/convocation.md,,https://www.daiict.ac.in/dhirubhai-ambani-university-convocation-ceremonies,web
ok,False,events/da_mun_3_0_model_united_nations_conference_at_dau.md,,https://www.daiict.ac.in/,web
ok,False,events/daiict_ac_in_events_6676.md,,https://www.daiict.ac.in/events/6676,web
ok,False,events/dev_o_lution_organized_by_the_google_developer_groups_at_the_university.md,,https://www.daiict.ac.in/news/6650,web
ok,False,events/dhirubhai_ambani_university_hosted_the_faculty_and_staff_sports_event.md,,https://www.daiict.ac.in/news/6645,web
ok,False,events/launching_of_m_sc_agriculture_analytics.md,,https://www.daiict.ac.in/news/3935,web
ok,False,events/launching_of_ug_admission_portal_of_erp_system_for_da_iict.md,,https://www.daiict.ac.in/events/5594,web
ok,False,events/national_seminar_on_indian_pharmaceutical_companies_perspectives_to_tap_into_the_global_bio_economy.md,,https://www.daiict.ac.in/news/6572,web
ok,False,events/national_seminar_on_navigating_the_ip_landscape.md,,https://www.daiict.ac.in/news/6570,web
ok,False,events/people_alumini_events_photo_gallery.md,,https://www.daiict.ac.in/events-campus,web
ok,False,events/prof_will_be_delivering_a_lecture_on_the_topic_at_the_c.md,,https://www.daiict.ac.in/events/5622,web
ok,False,events/public_lecture_computational_thinking_and_the_future_of_computing.md,,https://www.daiict.ac.in/events/6679,web
ok,False,events/recent_visit_of_shri_jai_anmol_ambani_ms_khrisha_ambani_and_their_team_to_da_iic.md,,https://www.daiict.ac.in/events/6160,web
ok,False,events/talk_session_by_prof_kiran_trivedi.md,,https://www.daiict.ac.in/events/6543,web
ok,False,events/the_summer_school_on_speech_signal_processing_s4p_during_july_04_08_2020_is_postponed_to_july_2021_due_to_the_corona_epidemic.md,,https://www.daiict.ac.in/news/417,web
ok,False,events/the_summer_school_on_speech_signal_processing_s4p_on_automatic_speech_recognitio.md,,https://www.daiict.ac.in/events/6372,web
ok,False,events/two_day_school_on_ai_and_law_da_iict_gandhinagar.md,,https://www.daiict.ac.in/events/6298,web
ok,False,events/workshop_on_mental_wellness_and_workplace_harmony_held_at_dau.md,,https://www.daiict.ac.in/news/6733,web
ok,False,faculty/adjunct/adjunct_faculty.md,,https://www.daiict.ac.in/adjunct-faculty,web
ok,False,faculty/adjunct/adjunct_faculty_abhijit_mukherjee.md,,https://www.daiict.ac.in/adjunct-faculty/abhijit-mukherjee,web
ok,False,faculty/adjunct/adjunct_faculty_aditi_nath_sarkar.md,,https://www.daiict.ac.in/adjunct-faculty/aditinath-sarkar,web
ok,False,faculty/adjunct/adjunct_faculty_aditinath_sarkar.md,,https://www.daiict.ac.in/adjunct-faculty/aditinath-sarkar,web
ok,False,faculty/adjunct/adjunct_faculty_ajeet_kumar_singh.md,,https://www.daiict.ac.in/adjunct-faculty/ajeet-kumar-singh,web
ok,False,faculty/adjunct/adjunct_faculty_amishal_modi.md,,https://www.daiict.ac.in/adjunct-faculty/amishal-modi,web
ok,False,faculty/adjunct/adjunct_faculty_binay_bhushan_chakrabarti.md,,https://www.daiict.ac.in/adjunct-faculty/binay-bhushan-chakrabarti,web
ok,False,faculty/adjunct/adjunct_faculty_dhaval_joshi.md,,https://www.daiict.ac.in/adjunct-faculty/dhaval-joshi,web
ok,False,faculty/adjunct/adjunct_faculty_dipankar_nagchoudhuri.md,,https://www.daiict.ac.in/adjunct-faculty/dipankar-nagchoudhuri,web
ok,False,faculty/adjunct/adjunct_faculty_gangeya_mukherji.md,,https://www.daiict.ac.in/adjunct-faculty/gangeya-m,web
ok,False,faculty/adjunct/adjunct_faculty_jayprakash_lalchandani.md,,https://www.daiict.ac.in/adjunct-faculty/jayprakash-lalchandani,web
ok,False,faculty/adjunct/adjunct_faculty_k_narayana_chandran.md,,https://www.daiict.ac.in/adjunct-faculty/k-narayana-chandran,web
ok,False,faculty/adjunct/adjunct_faculty_kalgi_gandhi.md,,https://www.daiict.ac.in/adjunct-faculty/kalgi-gandhi,web
ok,False,faculty/adjunct/adjunct_faculty_kripabandhu_ghosh.md,,https://www.daiict.ac.in/adjunct-faculty/kripabandhu-ghosh,web
ok,False,faculty/adjunct/adjunct_faculty_kuntala_dasgupta.md,,https://www.daiict.ac.in/adjunct-faculty/kuntala-dasgupta,web
ok,False,faculty/adjunct/adjunct_faculty_nandini_banerjee.md,,https://www.daiict.ac.in/adjunct-faculty/nandini-banerjee,web
ok,False,faculty/adjunct/adjunct_faculty_nikita_desai.md,,https://www.daiict.ac.in/adjunct-faculty/nikita-desai,web
ok,False,faculty/adjunct/adjunct_faculty_parth_mehta.md,,https://www.daiict.ac.in/adjunct-faculty/parth-mehta,web
ok,False,faculty/adjunct/adjunct_faculty_prashant_grover.md,,https://www.daiict.ac.in/adjunct-faculty/prashant-grover,web
ok,False,faculty/adjunct/adjunct_faculty_prosenjit_ganguly.md,,https://www.daiict.ac.in/adjunct-faculty/prosenjit-ganguly,web
ok,False,faculty/adjunct/adjunct_faculty_rudranil_das.md,,https://www.daiict.ac.in/adjunct-faculty/rudranil-das,web
ok,False,faculty/adjunct/adjunct_faculty_samit_bhattacharya.md,,https://www.daiict.ac.in/adjunct-faculty/samit-bhattacharya,web
ok,False,faculty/adjunct/adjunct_faculty_swati_priya.md,,https://www.daiict.ac.in/adjunct-faculty/swati-priya,web
ok,False,faculty/adjunct/adjunct_faculty_troy_vasanth.md,,https://www.daiict.ac.in/adjunct-faculty/troy-vasanth,web
ok,False,faculty/adjunct/adjunct_faculty_umang_shah.md,,https://www.daiict.ac.in/adjunct-faculty/umang-shah,web
ok,False,faculty/boards_of_studies_v2.md,,https://daiict.ac.in/board-studies,web
ok,False,faculty/dean_faculty.md,,https://www.daiict.ac.in/dean-faculty,web
ok,False,faculty/distinguished/distinguished_prof_jayanth_varma.md,,https://www.daiict.ac.in/distinguished-professor/jayanth-varma,web
ok,False,faculty/distinguished/distinguished_prof_vishvajit_pandya.md,,https://www.daiict.ac.in/distinguished-professor/vishvajit-pandya,web
ok,False,faculty/distinguished/distinguished_professor.md,,https://www.daiict.ac.in/distinguished-professor,web
ok,False,faculty/distinguished/distinguished_professor_jayanth_varma.md,,https://www.daiict.ac.in/distinguished-professor/jayanth-varma,web
ok,False,faculty/distinguished/distinguished_professor_vishvajit_pandya.md,,https://www.daiict.ac.in/distinguished-professor/vishvajit-pandya,web
ok,False,faculty/faculty_contract_v2.md,,https://www.daiict.ac.in/faculty-contract,web
ok,False,faculty/international_adjunct/international_adjunct_faculty_anthony_r_noerpel.md,,https://www.daiict.ac.in/adjunct-faculty-international/anthony-r-noerpel,web
ok,False,faculty/international_adjunct/international_adjunct_faculty_gabriella_pasi.md,,https://www.daiict.ac.in/adjunct-faculty-international/gabriella-pasi,web
ok,False,faculty/international_adjunct/international_adjunct_faculty_gaurav_sharma.md,,https://www.daiict.ac.in/adjunct-faculty-international/gaurav-sharma,web
ok,False,faculty/international_adjunct/international_adjunct_faculty_nicholas_belkin.md,,https://www.daiict.ac.in/adjunct-faculty-international/nicholas-belkin,web
ok,False,faculty/international_adjunct/international_adjunct_faculty_nilotpal_chakravarti.md,,https://www.daiict.ac.in/adjunct-faculty-international/nilotpal-chakravarti,web
ok,False,faculty/international_adjunct/international_adjunct_faculty_ranjan_pal.md,,https://www.daiict.ac.in/adjunct-faculty-international/ranjan-pal,web
ok,False,faculty/international_adjunct/international_adjunct_faculty_rita_chakravarti.md,,https://www.daiict.ac.in/adjunct-faculty-international/rita-chakravarti,web
ok,False,faculty/international_adjunct/international_adjunct_faculty_s_lakshmivarahan.md,,https://www.daiict.ac.in/adjunct-faculty-international/s-lakshmivarahan,web
ok,False,faculty/international_adjunct/international_adjunct_faculty_stefano_mizzaro.md,,https://www.daiict.ac.in/adjunct-faculty-international/stefano-mizzaro,web
ok,False,faculty/international_adjunct/international_adjunct_faculty_thomas_mandl.md,,https://www.daiict.ac.in/adjunct-faculty-international/thomas-mandl,web
ok,False,faculty/international_adjunct/intl_adjunct_faculty_anthony_r_noerpel.md,,https://www.daiict.ac.in/adjunct-faculty-international/anthony-r-noerpel,web
ok,False,faculty/international_adjunct/intl_adjunct_faculty_gabriella_pasi.md,,https://www.daiict.ac.in/adjunct-faculty-international/gabriella-pasi,web
ok,False,faculty/international_adjunct/intl_adjunct_faculty_gaurav_sharma.md,,https://www.daiict.ac.in/adjunct-faculty-international/gaurav-sharma,web
ok,False,faculty/international_adjunct/intl_adjunct_faculty_nicholas_belkin.md,,https://www.daiict.ac.in/adjunct-faculty-international/nicholas-belkin,web
ok,False,faculty/international_adjunct/intl_adjunct_faculty_nilotpal_chakravarti.md,,https://www.daiict.ac.in/adjunct-faculty-international/nilotpal-chakravarti,web
ok,False,faculty/international_adjunct/intl_adjunct_faculty_ranjan_pal.md,,https://www.daiict.ac.in/adjunct-faculty-international/ranjan-pal,web
ok,False,faculty/international_adjunct/intl_adjunct_faculty_rita_chakravarti.md,,https://www.daiict.ac.in/adjunct-faculty-international/rita-chakravarti,web
ok,False,faculty/international_adjunct/intl_adjunct_faculty_s_lakshmivarahan.md,,https://www.daiict.ac.in/adjunct-faculty-international/s-lakshmivarahan,web
ok,False,faculty/international_adjunct/intl_adjunct_faculty_stefano_mizzaro.md,,https://www.daiict.ac.in/adjunct-faculty-international/stefano-mizzaro,web
ok,False,faculty/international_adjunct/intl_adjunct_faculty_thomas_mandl.md,,https://www.daiict.ac.in/adjunct-faculty-international/thomas-mandl,web
ok,False,faculty/professor_of_practice/prof_of_practice_ajay_tomar.md,,https://www.daiict.ac.in/professor-practice/ajay-tomar,web
ok,False,faculty/professor_of_practice/prof_of_practice_anirban_dutta_gupta.md,,https://www.daiict.ac.in/professor-practice/anirban-dutta-gupta,web
ok,False,faculty/professor_of_practice/prof_of_practice_kc_supekar.md,,https://www.daiict.ac.in/professor-practice/kc-supekar,web
ok,False,faculty/professor_of_practice/prof_of_practice_vinay_kulkarni.md,,https://www.daiict.ac.in/professor-practice/vinay-kulkarni,web
ok,False,faculty/professor_of_practice/professor_of_practice_ajay_tomar.md,,https://www.daiict.ac.in/professor-practice/ajay-tomar,web
ok,False,faculty/professor_of_practice/professor_of_practice_anirban_dutta_gupta.md,,https://www.daiict.ac.in/professor-practice/anirban-dutta-gupta,web
ok,False,faculty/professor_of_practice/professor_of_practice_k_c_supekar.md,,https://www.daiict.ac.in/professor-practice/kc-supekar,web
ok,False,faculty/professor_of_practice/professor_of_practice_list.md,,https://www.daiict.ac.in/professor-practice,web
ok,False,faculty/professor_of_practice/professor_of_practice_vinay_kulkarni.md,,https://www.daiict.ac.in/professor-practice/vinay-kulkarni,web
ok,False,faculty/regular/faculty_abhishek_gupta.md,,https://www.daiict.ac.in/faculty/abhishek-gupta,web
ok,False,faculty/regular/faculty_abhishek_tilva.md,,https://www.daiict.ac.in/faculty/abhishek-tilva,web
ok,False,faculty/regular/faculty_abhishek_tripathy.md,,https://www.daiict.ac.in/faculty/abhishek-tripathy,web
ok,False,faculty/regular/faculty_aditya_tatu.md,,https://www.daiict.ac.in/faculty/aditya-tatu,web
ok,False,faculty/regular/faculty_amit_mankodi.md,,https://www.daiict.ac.in/faculty/amit-mankodi,web
ok,False,faculty/regular/faculty_ankush_chander.md,,https://www.daiict.ac.in/adjunct-faculty/ankush-chander,web
ok,False,faculty/regular/faculty_arnab_bhabak.md,,https://www.daiict.ac.in/faculty/arnab-bhabak,web
ok,False,faculty/regular/faculty_arnab_kumar_ray.md,,https://www.daiict.ac.in/faculty/arnab-kumar-ray,web
ok,False,faculty/regular/faculty_arpit_rana.md,,https://www.daiict.ac.in/faculty/arpit-rana,web
ok,False,faculty/regular/faculty_biswajit_mishra.md,,https://www.daiict.ac.in/faculty/biswajit-mishra,web
ok,False,faculty/regular/faculty_brajesh_dhiman.md,,https://www.daiict.ac.in/faculty/brajesh-dhiman,web
ok,False,faculty/regular/faculty_gautam_dutta.md,,https://www.daiict.ac.in/faculty/gautam-dutta,web
ok,False,faculty/regular/faculty_jenson_joseph.md,,https://www.daiict.ac.in/faculty/jenson-joseph,web
ok,False,faculty/regular/faculty_madhumita_mazumdar.md,,https://www.daiict.ac.in/faculty/madhumita-mazumdar,web
ok,False,faculty/regular/faculty_maniklal_das.md,,https://www.daiict.ac.in/faculty/maniklal-das,web
ok,False,faculty/regular/faculty_manish_chaturvedi.md,,https://www.daiict.ac.in/faculty/manish-chaturvedi,web
ok,False,faculty/regular/faculty_manoj_raut.md,,https://www.daiict.ac.in/faculty/manoj-raut,web
ok,False,faculty/regular/faculty_minal_bhise.md,,https://www.daiict.ac.in/faculty/minal-bhise,web
ok,False,faculty/regular/faculty_mukesh_tiwari.md,,https://www.daiict.ac.in/faculty/mukesh-tiwari,web
ok,False,faculty/regular/faculty_nabin_kumar_sahu.md,,https://www.daiict.ac.in/faculty/nabin-kumar-sahu,web
ok,False,faculty/regular/faculty_p_m_jat.md,,https://www.daiict.ac.in/faculty/p-m-jat,web
ok,False,faculty/regular/faculty_p_s_kalyan_sasidhar.md,,https://www.daiict.ac.in/faculty/p-s-kalyan-sasidhar,web
ok,False,faculty/regular/faculty_pankaj_kumar.md,,https://www.daiict.ac.in/faculty/pankaj-kumar,web
ok,False,faculty/regular/faculty_parul_gupta.md,,https://www.daiict.ac.in/faculty/parul-gupta,web
ok,False,faculty/regular/faculty_prasenjit_majumder.md,,https://www.daiict.ac.in/faculty/prasenjit-majumder,web
ok,False,faculty/regular/faculty_prasenjit_majumder_on_leave.md,,https://www.daiict.ac.in/faculty/prasenjit-majumder,web
ok,False,faculty/regular/faculty_prosenjit_kundu.md,,https://www.daiict.ac.in/faculty/prosenjit-kundu,web
ok,False,faculty/regular/faculty_puneet_bhateja.md,,https://www.daiict.ac.in/faculty/puneet-bhateja,web
ok,False,faculty/regular/faculty_purbasha_das.md,,https://www.daiict.ac.in/faculty/purbasha-das,web
ok,False,faculty/regular/faculty_rachit_chhaya.md,,https://www.daiict.ac.in/faculty/rachit-chhaya,web
ok,False,faculty/regular/faculty_rajib_lochan_das.md,,https://www.daiict.ac.in/faculty/rajib-lochan-das,web
ok,False,faculty/regular/faculty_sandip_modha.md,,https://www.daiict.ac.in/faculty/sandip-modha,web
ok,False,faculty/regular/faculty_sanjay_srivastava.md,,https://www.daiict.ac.in/faculty/sanjay-srivastava,web
ok,False,faculty/regular/faculty_sayantan_paul.md,,https://www.daiict.ac.in/faculty/sayantan-paul,web
ok,False,faculty/regular/faculty_shefali_jha.md,,https://www.daiict.ac.in/faculty/shefali-jha,web
ok,False,faculty/regular/faculty_shruti_bhilare.md,,https://www.daiict.ac.in/faculty/shruti-bhilare,web
ok,False,faculty/regular/faculty_sourish_dasgupta.md,,https://www.daiict.ac.in/faculty/sourish-dasgupta,web
ok,False,faculty/regular/faculty_sreeja_rajendran.md,,https://www.daiict.ac.in/faculty/sreeja-rajendran,web
ok,False,faculty/regular/faculty_subhasish_basak.md,,https://www.daiict.ac.in/faculty/subhasish-basak,web
ok,False,faculty/regular/faculty_sujay_kadam.md,,https://www.daiict.ac.in/faculty/sujay-kadam,web
ok,False,faculty/regular/faculty_yash_vasavada.md,,https://www.daiict.ac.in/faculty/yash-vasavada,web
ok,False,faculty/teaching_fellows.md,,https://daiict.ac.in/teaching-fellows,web
ok,False,faculty/teaching_fellows_list.md,,https://www.daiict.ac.in/teaching-fellows,web
ok,False,governance/academic_council.md,,https://daiict.ac.in/academic-council,web
ok,False,governance/dean_research.md,,https://www.daiict.ac.in/dean-rd,web
ok,False,infrastructure/campus_security.md,,https://www.daiict.ac.in/campus-security,web
ok,False,infrastructure/food_court_v2.md,,https://www.daiict.ac.in/food-court,web
ok,False,infrastructure/lecture_complex.md,,https://www.daiict.ac.in/lecture-complex,web
ok,False,infrastructure/medical_facility_v2.md,,https://www.daiict.ac.in/medical-facility,web
ok,False,infrastructure/sports_complex.md,,https://www.daiict.ac.in/sports-complex,web
ok,False,infrastructure/sports_complex_v2.md,,https://www.daiict.ac.in/sports-complex,web
ok,False,news_articles/news_article_published_in_divya_bhaskar_acm_india_winter_school_2024.md,,https://www.daiict.ac.in/news/6584,web
ok,False,news_articles/news_article_published_in_divya_bhaskar_students_create_3d_model_to_raise_awareness_on_social_issue.md,,https://www.daiict.ac.in/news/6591,web
ok,False,news_articles/news_article_published_in_sandesh_national_seminar_on_navigating_the_ip_landscape.md,,https://www.daiict.ac.in/news/6581,web
ok,False,news_articles/news_article_published_in_the_times_of_india_covering_the_fire_2024.md,,https://www.daiict.ac.in/news/6582,web
ok,False,news_articles/newsletter.md,,https://www.daiict.ac.in/newsletter,web
ok,False,people/doctoral_scholars.md,,https://www.daiict.ac.in/doctoral-scholars,web
ok,False,placements/company_categorization_rules_v2.md,,company_categorization_rules.md,web
ok,False,placements/dream_category_exceptions_v2.md,,dream_category_exceptions.md,web
ok,False,placements/iprs_report_2023_24_v2.md,,placement_cell.md,web
ok,False,placements/offer_rejection_policy_v2.md,,offer_rejection_policy.md,web
ok,False,placements/placement_cell.md,,https://www.daiict.ac.in/placements,web
ok,False,placements/placement_process_steps_v2.md,,placement_process_steps.md,web
ok,False,placements/placement_switching_mechanics_v2.md,,placement_switching_mechanics.md,web
ok,False,policies/attendance_policy_v2.md,,https://www.daiict.ac.in/academic-regulations,Web
ok,False,policies/data_retention_policy_v2.md,,https://www.daiict.ac.in/alumni/data-privacy-policy,Web
ok,False,policies/fee_structure_v2.md,,https://www.daiict.ac.in/admissions,Web
ok,False,policies/hostel_allotment_policy_v2.md,,https://www.daiict.ac.in/hostel,Web
ok,False,policies/it_cybersecurity_policy_v2.md,,https://www.daiict.ac.in/policies,Web
ok,False,policies/lecture_recording_policy_v2.md,,https://www.daiict.ac.in/policies,Web
ok,False,policies/library_usage_policy_v2.md,,https://www.daiict.ac.in/resource-centre,Web
ok,False,policies/refund_withdrawal_policy_v2.md,,https://www.daiict.ac.in/admissions,Web
ok,False,policies/scholarships_financial_aid_v2.md,,https://www.daiict.ac.in/scholarships,Web
ok,False,policies/sports_facility_policy_v2.md,,https://www.daiict.ac.in/campus-life,Web
ok,False,policies/student_clubs_organisations_policy_v2.md,,https://www.daiict.ac.in/student-body-government,Web
ok,False,policies/student_conduct_policy_v2.md,,https://www.daiict.ac.in/student-services,Web
ok,False,research/book_nanoelectronics_physics_technology_and_applications_by_dr_rutu_parekh_author_iop_publishing_bristol_uk.md,,https://www.daiict.ac.in/news/6209,web
ok,False,research/daiict_ac_in_themes_daiict_images_irb_participation_consent_details_and_form_tem.md,,https://www.daiict.ac.in/themes/daiict/images/IRB-participation-consent-details-and-form-template.docx,DOCX
ok,False,research/institutional_review_board_irb_da_iict.md,,https://www.daiict.ac.in/index.ph%70/institutional-review-board-irb-da-iict,web
ok,False,research/publications.md,,https://www.daiict.ac.in/faculty-publications,web
ok,False,research/read_the_news_views_invited_article_of_professor_manish_k_gupta_in_nature_computational_science.md,,https://www.daiict.ac.in/news/4093,web
ok,False,research/research_areas/ai_ml_and_data_science.md,,https://www.daiict.ac.in/ai-ml-and-data-science,web
ok,False,research/research_areas/algorithms_and_theory_of_computation.md,,https://www.daiict.ac.in/algorithms-and-theory-of-omputation,web
ok,False,research/research_areas/communications_and_signal_processing.md,,https://www.daiict.ac.in/communications-and-signal-processing,web
ok,False,research/research_areas/humanities_social_sciences_and_design.md,,https://www.daiict.ac.in/humanities-social-sciences-and-design,web
ok,False,research/research_areas/vlsi_embedded_systems.md,,https://www.daiict.ac.in/vlsi-and-embedded-systems,web
ok,False,research/research_paper_by_mayank_patel_nitish_yadav_and_minal_bhise_gets_best_paper_award_at_ftnct_2021.md,,https://www.daiict.ac.in/news/3811,web
ok,False,student_services/a_word_of_guidance.md,,https://www.daiict.ac.in/word-guidance,web
ok,False,student_services/achievements.md,,https://daiict.ac.in/achievements,web
ok,False,student_services/alumni/alumni.md,,https://www.daiict.ac.in/alumni,web
ok,False,student_services/alumni/alumni_association.md,,https://www.daiict.ac.in/alumni-association.html,web
ok,False,student_services/alumni/alumni_chapter_membership_drive.md,,https://www.daiict.ac.in/dau-alumni-chapter-membership-drive,web
ok,False,student_services/alumni/alumni_document_service.md,,https://www.daiict.ac.in/da-iict-alumni-document-service,web
ok,False,student_services/committees/grievance_redressal_cell_v2.md,,https://daiict.ac.in/grievance-redressal-cell,web
ok,False,student_services/committees/ieee_student_branch_members.md,,http://ieee.daiict.ac.in/ieee2018/members.html,web
ok,False,student_services/committees/internal_complaint_committee.md,,https://www.daiict.ac.in/internal-complaint-committee,web
ok,False,student_services/contact/emergency_contact_details.md,,https://daiict.ac.in/emergency-contact-details,web
ok,False,student_services/contact/location_contact.md,,https://daiict.ac.in/contact-0,web
ok,False,student_services/contact/location_contact_v2.md,,https://daiict.ac.in/contact-0,web
ok,False,student_services/events.md,,https://daiict.ac.in/events,web
ok,False,student_services/medical_assistance_sop.md,,https://daiict.ac.in/sites/default/files/other-files/SOP-Healthcare-Facilities-and-Medical-Emergencies.pdf,PDF
ok,False,student_services/photo_gallery.md,,https://daiict.ac.in/photo-gallery,web
ok,False,student_services/rules/curbing_ragging.md,,https://www.daiict.ac.in/curbing-ragging,web
ok,False,student_services/rules/disciplinary_rules.md,,https://daiict.ac.in/disciplinary-rules,web
ok,False,student_services/rules/examination_rules.md,,https://daiict.ac.in/examination-rules,web
ok,False,student_services/rules/hostel_rules_and_regulations_v2.md,,https://daiict.ac.in/sites/default/files/other-files/Hostel-Rules-and-Regulations.pdf,PDF
ok,False,student_services/rules/student_leave_policy.md,,https://daiict.ac.in/sites/default/files/other-files/Student_Leave_Policy_wef_AY2021-22.pdf,PDF
ok,False,student_services/rules/vehicle_rules_for_students.md,,https://daiict.ac.in/sites/default/files/other-files/DA-IICT_Vehicle_Rules_for_Students.pdf,PDF
ok,False,student_services/social_media/facebook_page.md,,https://www.facebook.com/officialdau,web
ok,False,student_services/social_media/instagram_page.md,,https://www.instagram.com/daiictofficial/,web
ok,False,student_services/social_media/linkedin_page.md,,https://www.linkedin.com/school/dhirubhaiambaniuniversity/?viewAsMember=true,web
ok,False,student_services/social_media/twitter_page.md,,https://x.com/dauofficial_,web
ok,False,student_services/social_media/youtube_channel.md,,https://www.youtube.com/@dau_edu,web
